Aviz_1,Aviz_2,Aviz_3,Aviz_4,Aviz_5,Aviz_6,Aviz_7,Aviz_8,Aviz_9,Aviz_10,Aviz_11,Aviz_12,Aviz_13,Aviz_14,Aviz_15,Aviz_16,Aviz_17,Aviz_18,Aviz_19,Aviz_20,Aviz_21,Aviz_22,Aviz_23,Aviz_24,Aviz_25,Aviz_26,Aviz_27,Aviz_28,Aviz_29,Aviz_30,Aviz_31,Aviz_32,Aviz_33,Aviz_34,Aviz_35,Aviz_36,Aviz_37,Aviz_38,Aviz_39,Aviz_40,Aviz_41,Aviz_42,Aviz_43,Aviz_44,Aviz_45,Aviz_46,Aviz_47,Aviz_48,Aviz_49,Aviz_50,Aviz_51,Aviz_52,Aviz_53,Aviz_54,Aviz_55,Aviz_56,Aviz_57,Aviz_58,Aviz_59,Aviz_60,Aviz_61,Aviz_62,Aviz_63,Aviz_64,Aviz_65,Aviz_66,Aviz_67,Aviz_68,Aviz_69,Aviz_70,Aviz_71,Aviz_72,Aviz_73,Aviz_74,Aviz_75,Aviz_76,Aviz_77,Aviz_78,Aviz_79,Aviz_80,Aviz_81,Aviz_82,Aviz_83,Aviz_84,Aviz_85,Aviz_86,Aviz_87,Aviz_88,Aviz_89,Aviz_90,Aviz_91,Aviz_92,Aviz_93,Aviz_94,Aviz_95,Aviz_96,Aviz_97,Aviz_98,Aviz_99,Aviz_100,Aviz_101,Aviz_102,Aviz_103,Aviz_104,Aviz_105,Aviz_106,Aviz_107,Aviz_108,Aviz_109,Aviz_110,Aviz_111,Aviz_112,Aviz_113,Aviz_114
0,5.86309997704023,6.01264302767022,5.05314614235587,5.23402687421753,6.42416045057972,5.9018541864889,5.39548356657461,0,5.02020758944536,0,5.37134421867246,4.82302375629516,0,0,0,0,0,0,0,0,0,0,0,0,0,0,0,0,0,0,0,0,0,0,0,0,0,0,0,0,0,0,0,0,0,0,0,0,0,0,0,0,0,0,0,0,0,0,0,0,0,0,0,0,0,0,0,0,0,0,0,0,0,0,0,0,0,0,0,0,0,0,0,0,0,0,0,0,0,0,0,0,0,0,0,0,0,0,0,0,0,0,0,0,0,0,0,0,0,0,0,0,0
5.86309997704023,0,6.04904475664397,5.92586244316204,6.20005516061068,6.03661783800055,0,0,5.17350970604149,5.50991859995451,0,0,4.91539036568763,0,0,0,4.79159745548986,0,0,0,0,0,0,0,0,0,0,0,0,0,0,0,0,0,0,0,0,0,0,0,0,0,0,0,0,0,0,0,0,0,0,0,0,0,0,0,0,0,0,0,0,0,0,0,0,0,0,0,0,0,0,0,0,0,0,0,0,0,0,0,0,0,0,0,0,0,0,0,0,0,0,0,0,0,0,0,0,0,0,0,0,0,0,0,0,0,0,0,0,0,0,0,0,0
6.01264302767022,6.04904475664397,0,6.06177084815937,5.80279119151182,6.86622592788938,6.85946476800415,6.6312859914619,5.71069474400275,6.34412579868228,0,6.80308115503053,5.88283714040004,0,5.51218147664706,0,6.02253552137813,5.49766138271623,0,5.50376276523766,0,5.78383074481413,0,0,0,0,0,0,0,0,0,0,0,0,0,0,0,0,0,0,0,0,0,0,0,0,0,0,0,0,0,0,0,0,0,0,0,0,0,0,0,0,0,0,0,0,0,0,0,0,0,0,0,0,0,0,0,0,0,0,0,0,0,0,0,0,0,0,0,0,0,0,0,0,0,0,0,0,0,0,0,0,0,0,0,0,0,0,0,0,0,0,0,0
5.05314614235587,5.92586244316204,6.06177084815937,0,5.65724516052359,6.36654425530657,5.59075375886091,5.4451469528569,6.29052917942471,6.56981249813697,5.36173580771949,6.15577371525948,5.53894175785066,5.02973117371655,5.34552415310803,0,5.92321283815562,5.90653850350043,0,5.74345884715374,0,5.25851276055435,0,0,0,0,0,0,0,0,0,0,5.36386221072333,0,0,0,0,0,0,0,0,0,0,0,0,0,0,0,0,0,0,0,0,0,0,0,0,0,0,0,0,0,0,0,0,0,0,0,0,0,0,0,0,0,0,0,0,0,0,0,0,0,0,0,0,0,0,0,0,0,0,0,0,0,0,0,0,0,0,0,0,0,0,0,0,0,0,0,0,0,0,0,0,0
5.23402687421753,6.20005516061068,5.80279119151182,5.65724516052359,0,6.31501570811005,5.17284123025184,0,5.86641661670823,6.57911225140075,6.03749520075814,5.41932247353881,5.05073358700409,5.79623045075386,0,5.3506658458207,5.19736815073276,5.99126895427407,0,5.28551289868917,0,0,0,0,0,4.97105206655826,0,0,0,0,0,0,5.28400834786221,0,0,0,0,0,0,0,0,0,0,0,0,0,0,0,0,0,0,0,0,0,0,0,0,0,0,0,0,0,0,0,0,0,0,0,0,0,0,0,0,0,0,0,0,0,0,0,0,0,0,0,0,0,0,0,0,0,0,0,0,0,0,0,0,0,0,0,0,0,0,0,0,0,0,0,0,0,0,0,0,0
6.42416045057972,6.03661783800055,6.86622592788938,6.36654425530657,6.31501570811005,0,5.88326053678438,5.82120953333429,5.33607663909172,5.64319116159129,0,5.66081976871565,5.52969502881575,0,0,0,5.28532031289033,0,0,0,0,0,0,0,0,0,0,0,0,0,0,0,0,0,0,0,0,0,0,0,0,0,0,0,0,0,0,0,0,0,0,0,0,0,0,0,0,0,0,0,0,0,0,0,0,0,0,0,0,0,0,0,0,0,0,0,0,0,0,0,0,0,0,0,0,0,0,0,0,0,0,0,0,0,0,0,0,0,0,0,0,0,0,0,0,0,0,0,0,0,0,0,0,0
5.9018541864889,0,6.85946476800415,5.59075375886091,5.17284123025184,5.88326053678438,0,5.90400111252348,0,0,0,5.9525271720314,5.34370820519427,0,0,0,0,0,0,0,0,0,0,0,0,0,0,0,0,0,0,0,0,0,0,0,0,0,0,0,0,0,0,0,0,0,0,0,0,0,0,0,0,0,0,0,0,0,0,0,0,0,0,0,0,0,0,0,0,0,0,0,0,0,0,0,0,0,0,0,0,0,0,0,0,0,0,0,0,0,0,0,0,0,0,0,0,0,0,0,0,0,0,0,0,0,0,0,0,0,0,0,0,0
5.39548356657461,0,6.6312859914619,5.4451469528569,0,5.82120953333429,5.90400111252348,0,5.08199276341409,5.09812223095595,0,6.17879114696729,5.93617039547525,0,5.51189952805786,0,5.93918726341024,0,0,5.30004460859449,0,6.10085895027901,0,0,0,0,0,0,0,0,0,0,0,0,0,0,0,0,0,0,0,0,0,0,0,0,0,0,0,0,0,0,0,0,0,0,0,0,0,0,0,0,0,0,0,0,0,0,0,0,0,0,0,0,0,0,0,0,0,0,0,0,0,0,0,0,0,0,0,0,0,0,0,0,0,0,0,0,0,0,0,0,0,0,0,0,0,0,0,0,0,0,0,0
0,5.17350970604149,5.71069474400275,6.29052917942471,5.86641661670823,5.33607663909172,0,5.08199276341409,0,6.55983538209666,6.08935081446343,5.74829471988041,5.32249692660352,5.71984172364471,5.23759550420657,5.14585183754818,6.01652935460984,6.19639244614818,6.43523104065811,6.45413807807663,0,5.14471233479953,0,0,5.07175361680645,6.41174813737147,5.18227268617872,0,5.24327504750442,0,0,5.75987314786517,6.45066212518515,0,0,0,0,0,5.48989190598838,0,0,0,4.93201843531378,0,0,0,0,0,0,0,0,0,0,0,0,0,0,0,0,0,0,0,0,0,0,0,0,0,0,0,0,0,0,0,0,0,0,0,0,0,0,0,0,0,0,0,0,0,0,0,0,0,0,0,0,0,0,0,0,0,0,0,0,0,0,0,0,0,0,0,0,0,0,0
5.02020758944536,5.50991859995451,6.34412579868228,6.56981249813697,6.57911225140075,5.64319116159129,0,5.09812223095595,6.55983538209666,0,6.61054170132557,5.78483357138937,5.61396960336783,6.16456314940061,5.41291263010226,5.87748593018694,5.85590810531895,6.68510671723393,5.45492270292779,5.82704185051516,0,0,0,0,0,5.56344540270802,0,0,5.5470618847519,0,0,0,5.91340551271575,0,0,0,0,0,0,0,0,0,0,0,0,0,0,0,0,0,0,0,0,0,0,0,0,0,0,0,0,0,0,0,0,0,0,0,0,0,0,0,0,0,0,0,0,0,0,0,0,0,0,0,0,0,0,0,0,0,0,0,0,0,0,0,0,0,0,0,0,0,0,0,0,0,0,0,0,0,0,0,0,0
0,0,0,5.36173580771949,6.03749520075814,0,0,0,6.08935081446343,6.61054170132557,0,0,0,6.52250737221064,0,6.05690094557319,0,6.23293589042343,5.64348762944045,5.37280474851008,0,0,0,5.6755417540636,5.58200830950353,5.8637632161965,0,0,6.04225051500683,0,0,5.31715974612605,6.31078503609866,0,5.58822788731564,0,0,0,5.49272343838132,5.79781091437649,5.08183715679055,0,0,0,0,0,0,0,0,0,0,0,0,0,0,0,0,0,0,0,0,0,0,0,0,0,0,0,0,0,0,0,0,0,0,0,0,0,0,0,0,0,0,0,0,0,0,0,0,0,0,0,0,0,0,0,0,0,0,0,0,0,0,0,0,0,0,0,0,0,0,0,0,0
5.37134421867246,0,6.80308115503053,6.15577371525948,5.41932247353881,5.66081976871565,5.9525271720314,6.17879114696729,5.74829471988041,5.78483357138937,0,0,6.27719941230686,0,5.92990450203845,0,6.24328451348748,5.6216078340011,0,5.57679105507931,0,5.50672269242072,5.11029743253527,0,0,0,0,0,0,0,0,0,5.15543581105859,0,0,0,0,0,0,0,0,0,0,0,0,0,0,0,0,0,0,0,0,0,0,0,0,0,0,0,0,0,0,0,0,0,0,0,0,0,0,0,0,0,0,0,0,0,0,0,0,0,0,0,0,0,0,0,0,0,0,0,0,0,0,0,0,0,0,0,0,0,0,0,0,0,0,0,0,0,0,0,0,0
4.82302375629516,4.91539036568763,5.88283714040004,5.53894175785066,5.05073358700409,5.52969502881575,5.34370820519427,5.93617039547525,5.32249692660352,5.61396960336783,0,6.27719941230686,0,0,5.88896615254912,0,6.20348484349891,0,0,5.52785411057554,0,6.05168874645529,5.15663292840357,0,0,0,0,0,0,0,5.18197284211001,0,0,0,0,0,4.91032623981345,0,0,0,0,0,0,0,0,0,0,0,0,0,0,0,0,0,0,0,0,0,0,0,0,0,0,0,0,0,0,0,0,0,0,0,0,0,0,0,0,0,0,0,0,0,0,0,0,0,0,0,0,0,0,0,0,0,0,0,0,0,0,0,0,0,0,0,0,0,0,0,0,0,0,0,0,0
0,0,0,5.02973117371655,5.79623045075386,0,0,0,5.71984172364471,6.16456314940061,6.52250737221064,0,0,0,0,6.49612924840336,0,5.97233232985379,5.39786107609326,4.91986052220496,5.49570484683128,0,0,5.26722182797177,5.22857694878842,5.3950164607977,0,0,5.60146410701331,0,0,0,5.71406061744794,0,5.23854807638493,0,0,0,4.93714933285742,5.60844862211124,0,0,0,0,0,0,0,0,0,0,0,0,0,0,0,0,0,0,0,0,0,0,0,0,0,0,0,0,0,0,0,0,0,0,0,0,0,0,0,0,0,0,0,0,0,0,0,0,0,0,0,0,0,0,0,0,0,0,0,0,0,0,0,0,0,0,0,0,0,0,0,0,0,0
0,0,5.51218147664706,5.34552415310803,0,0,0,5.51189952805786,5.23759550420657,5.41291263010226,0,5.92990450203845,5.88896615254912,0,0,0,5.86697591515871,0,0,5.15814340784483,0,5.67940914963837,4.82897439992146,0,0,0,0,0,0,0,4.52919603630105,0,0,0,0,0,4.47151508828665,0,0,0,0,0,0,0,0,0,0,0,0,0,0,0,0,0,0,0,0,0,0,0,0,0,0,0,0,0,0,0,0,0,0,0,0,0,0,0,0,0,0,0,0,0,0,0,0,0,0,0,0,0,0,0,0,0,0,0,0,0,0,0,0,0,0,0,0,0,0,0,0,0,0,0,0,0
0,0,0,0,5.3506658458207,0,0,0,5.14585183754818,5.87748593018694,6.05690094557319,0,0,6.49612924840336,0,0,0,5.87191794978443,5.16429694274246,0,5.38006681729742,0,0,6.37535897995998,5.95950704431306,5.21119269397959,0,4.96239366715177,6.2667755363853,5.06888005919625,0,5.0189364755668,5.99983535536809,0,5.97286387004858,0,0,5.15891244757679,5.66755763909677,6.2794246376306,5.16993418745542,0,4.89123649083333,0,0,0,0,0,0,0,0,0,0,0,0,0,0,0,0,0,0,0,0,0,0,0,0,0,0,0,0,0,0,0,0,0,0,0,0,0,0,0,0,0,0,0,0,0,0,0,0,0,0,0,0,0,0,0,0,0,0,0,0,0,0,0,0,0,0,0,0,0,0,0
0,4.79159745548986,6.02253552137813,5.92321283815562,5.19736815073276,5.28532031289033,0,5.93918726341024,6.01652935460984,5.85590810531895,0,6.24328451348748,6.20348484349891,0,5.86697591515871,0,0,5.25491257625068,5.29344825653761,5.91657672646785,0,5.85423036035341,5.05681928873731,0,0,0,4.91045649641169,0,0,0,0,0,5.34401851132661,0,0,0,5.14850820515589,0,0,0,0,0,0,0,0,0,0,0,0,0,0,0,0,0,0,0,0,0,0,0,0,0,0,0,0,0,0,0,0,0,0,0,0,0,0,0,0,0,0,0,0,0,0,0,0,0,0,0,0,0,0,0,0,0,0,0,0,0,0,0,0,0,0,0,0,0,0,0,0,0,0,0,0,0
0,0,5.49766138271623,5.90653850350043,5.99126895427407,0,0,0,6.19639244614818,6.68510671723393,6.23293589042343,5.6216078340011,0,5.97233232985379,0,5.87191794978443,5.25491257625068,0,5.29424545003229,5.33915121203212,0,0,0,0,0,5.27629330826499,0,0,6.47019863925472,0,0,0,5.72838588866505,0,0,0,0,0,0,0,0,0,0,0,0,0,0,0,0,0,0,0,0,0,0,0,0,0,0,0,0,0,0,0,0,0,0,0,0,0,0,0,0,0,0,5.95750139648558,0,0,0,0,0,0,0,0,0,5.53145591474509,0,0,0,0,0,0,0,0,0,0,0,0,0,0,0,0,0,0,0,0,0,0,0,0,0,0,0,0
0,0,0,0,0,0,0,0,6.43523104065811,5.45492270292779,5.64348762944045,0,0,5.39786107609326,0,5.16429694274246,5.29344825653761,5.29424545003229,0,5.60618650964803,0,0,0,5.55830317897498,5.83124322248838,6.61427902716894,0,0,5.70177290550768,0,0,6.36677218394563,6.62446415593837,0,5.63140467434166,0,0,0,6.13749564534418,5.6712349003345,5.36839743648344,0,5.4659433673848,0,0,0,0,0,0,0,0,0,0,0,0,0,0,0,0,0,0,0,0,0,0,0,0,0,0,0,0,0,0,0,0,0,0,0,0,0,0,0,0,0,0,0,0,0,0,0,0,0,0,0,0,0,0,0,0,0,0,0,0,0,0,0,0,0,0,0,0,0,0,0
0,0,5.50376276523766,5.74345884715374,5.28551289868917,0,0,5.30004460859449,6.45413807807663,5.82704185051516,5.37280474851008,5.57679105507931,5.52785411057554,4.91986052220496,5.15814340784483,0,5.91657672646785,5.33915121203212,5.60618650964803,0,0,5.12677807423936,0,0,0,0,0,0,0,0,0,0,5.05983974338473,0,0,0,5.02398671694505,0,0,0,0,0,0,0,0,0,0,0,0,0,0,0,0,0,0,0,0,0,0,0,0,0,0,0,0,0,0,0,0,0,0,0,0,0,0,0,0,0,0,0,0,0,0,0,0,0,0,0,0,0,0,0,0,0,0,0,0,0,0,0,0,0,0,0,0,0,0,0,0,0,0,0,0,0
0,0,0,0,0,0,0,0,0,0,0,0,0,5.49570484683128,0,5.38006681729742,0,0,0,0,0,0,0,6.10353713030281,5.2304681245816,0,0,4.92457962275798,5.13795455090174,4.8802014831905,0,0,0,0,5.41947104784948,0,0,0,4.89990912212826,5.76580323268844,0,0,0,0,0,0,0,0,0,0,0,0,0,0,0,0,0,0,0,0,0,0,0,0,0,0,0,0,0,0,0,0,0,0,0,0,0,0,0,0,0,0,0,0,0,0,0,0,0,0,0,0,0,0,0,0,0,0,0,0,0,0,0,0,0,0,0,0,0,0,0,0,0,0
0,0,5.78383074481413,5.25851276055435,0,0,0,6.10085895027901,5.14471233479953,0,0,5.50672269242072,6.05168874645529,0,5.67940914963837,0,5.85423036035341,0,0,5.12677807423936,0,0,4.70380452805804,0,0,0,0,0,0,0,4.96299499416694,0,0,0,0,0,4.81267806859763,0,0,0,0,0,0,0,0,0,0,0,0,0,0,0,0,0,0,0,0,0,0,0,0,0,0,0,0,0,0,0,0,0,0,0,0,0,0,0,0,0,0,0,0,0,0,0,0,0,0,0,0,0,0,0,0,0,0,0,0,0,0,0,0,0,0,0,0,0,0,0,0,0,0,0,0,0
0,0,0,0,0,0,0,0,0,0,0,5.11029743253527,5.15663292840357,0,4.82897439992146,0,5.05681928873731,0,0,0,0,4.70380452805804,0,0,0,0,4.06280172030251,0,0,0,4.17684638718596,0,0,0,0,0,4.16343767279035,0,0,0,0,0,0,0,0,0,0,0,0,0,0,0,0,0,0,0,0,0,0,0,0,0,0,0,0,0,0,0,0,0,0,0,0,0,0,0,0,0,0,0,0,0,0,0,0,0,0,0,0,0,0,0,0,0,0,0,0,0,0,0,0,0,0,0,0,0,0,0,0,0,0,0,0,0
0,0,0,0,0,0,0,0,0,0,5.6755417540636,0,0,5.26722182797177,0,6.37535897995998,0,0,5.55830317897498,0,6.10353713030281,0,0,0,5.9081089632623,5.13273996082406,0,6.43265352881751,5.45276494455544,6.0431934522498,0,0,5.66960511381746,0,5.91693375829023,0,0,6.44567479274233,5.46589917092941,6.21715835123465,4.84159241880364,0,0,0,0,0,0,0,0,0,0,0,0,0,0,0,0,0,0,0,0,0,0,0,0,0,0,0,0,0,0,0,0,0,0,0,0,0,0,0,0,0,0,0,0,0,0,0,0,0,0,0,0,0,0,0,0,0,0,0,0,0,0,0,0,0,0,0,0,0,0,0,0,0
0,0,0,0,0,0,0,0,5.07175361680645,0,5.58200830950353,0,0,5.22857694878842,0,5.95950704431306,0,0,5.83124322248838,0,5.2304681245816,0,0,5.9081089632623,0,5.48179365587496,0,0,5.44497081551454,4.93536441729202,0,5.58190044259241,5.89379589033306,0,5.36576121700447,0,0,4.98007437773681,5.67507466940239,5.68163025951171,5.18615950289371,0,5.21748299645243,0,0,0,0,0,0,0,0,0,0,0,0,0,0,0,0,0,0,0,0,0,0,0,0,0,0,0,0,0,0,0,0,0,0,0,0,0,0,0,0,0,0,0,0,0,0,0,0,0,0,0,0,0,0,0,0,0,0,0,0,0,0,0,0,0,0,0,0,0,0,0
0,0,0,0,4.97105206655826,0,0,0,6.41174813737147,5.56344540270802,5.8637632161965,0,0,5.3950164607977,0,5.21119269397959,0,5.27629330826499,6.61427902716894,0,0,0,0,5.13273996082406,5.48179365587496,0,0,0,5.27797733767834,0,0,6.40586375949013,6.14272218689488,0,5.09938256912343,0,0,0,6.07715902119813,0,4.98779806035429,0,5.278389862353,0,0,0,0,0,0,0,0,0,0,0,0,0,0,0,0,0,0,0,0,0,0,0,0,0,0,0,0,0,0,0,0,0,0,0,0,0,0,0,0,0,0,0,0,0,0,0,0,0,0,0,0,0,0,0,0,0,0,0,0,0,0,0,0,0,0,0,0,0,0,0
0,0,0,0,0,0,0,0,5.18227268617872,0,0,0,0,0,0,0,4.91045649641169,0,0,0,0,0,4.06280172030251,0,0,0,0,0,0,0,0,0,0,0,0,0,4.99251806173799,0,0,0,0,0,0,0,0,0,0,0,0,0,0,0,0,0,0,0,0,0,0,0,0,0,0,0,0,0,0,0,0,0,0,0,0,0,0,0,0,0,0,0,0,0,0,0,0,0,0,0,0,0,0,0,0,0,0,0,0,0,0,0,0,0,0,0,0,0,0,0,0,0,0,0,0,0
0,0,0,0,0,0,0,0,0,0,0,0,0,0,0,4.96239366715177,0,0,0,0,4.92457962275798,0,0,6.43265352881751,0,0,0,0,5.45683248975339,6.09704122588598,0,0,5.12054319352939,0,5.76034575275136,0,0,6.39675170353571,4.96547402424546,6.02806144779909,0,0,0,4.93766718996035,5.27744441709956,0,0,0,0,0,0,0,0,0,0,0,0,0,0,0,0,0,0,0,0,0,0,0,0,0,0,0,0,0,0,0,0,0,0,0,0,0,0,0,0,0,0,0,0,0,0,0,0,0,0,0,0,0,0,0,0,0,0,0,0,0,0,0,0,0,0,0,0,0
0,0,0,0,0,0,0,0,5.24327504750442,5.5470618847519,6.04225051500683,0,0,5.60146410701331,0,6.2667755363853,0,6.47019863925472,5.70177290550768,0,5.13795455090174,0,0,5.45276494455544,5.44497081551454,5.27797733767834,0,5.45683248975339,0,5.24986752704485,0,0,6.01316056715373,0,5.78318760295362,0,0,5.8171094673074,5.3388543166548,6.74228851965025,5.32730532430262,0,5.14122722450174,5.91308990324428,5.84264884740568,0,5.62512275705335,0,0,0,5.45779916733094,0,0,0,0,0,0,0,0,0,0,0,0,0,0,0,0,0,0,0,0,0,0,0,0,5.61952841759028,0,0,0,0,0,0,0,0,0,5.12486908227909,0,0,0,0,0,0,0,0,0,0,0,0,0,0,0,0,0,0,0,0,0,0,0,0,0,0,0,0
0,0,0,0,0,0,0,0,0,0,0,0,0,0,0,5.06888005919625,0,0,0,0,4.8802014831905,0,0,6.0431934522498,4.93536441729202,0,0,6.09704122588598,5.24986752704485,0,0,0,5.14873792895395,0,6.21602025744655,0,0,5.67360686486697,5.42548475285879,6.22931339257606,4.84608607421112,0,0,4.88030268274657,0,0,0,0,0,0,0,0,0,0,0,0,0,0,0,0,0,0,0,0,0,0,0,0,0,0,0,0,0,0,0,0,0,0,0,0,0,0,0,0,0,0,0,0,0,0,0,0,0,0,0,0,0,0,0,0,0,0,0,0,0,0,0,0,0,0,0,0,0,0
0,0,0,0,0,0,0,0,0,0,0,0,5.18197284211001,0,4.52919603630105,0,0,0,0,0,0,4.96299499416694,4.17684638718596,0,0,0,0,0,0,0,0,0,0,4.15785642568456,0,0,4.04323862253735,0,0,0,0,0,0,0,0,0,0,0,0,0,0,0,0,0,0,0,0,0,0,0,0,0,0,0,0,0,0,0,0,0,0,0,0,0,0,0,0,0,0,0,0,0,0,0,0,0,0,0,0,0,0,0,0,0,0,0,0,0,0,0,0,0,0,0,0,0,0,0,0,0,0,0,0,0
0,0,0,0,0,0,0,0,5.75987314786517,0,5.31715974612605,0,0,0,0,5.0189364755668,0,0,6.36677218394563,0,0,0,0,0,5.58190044259241,6.40586375949013,0,0,0,0,0,0,5.84964131114564,0,5.34259128019874,0,0,0,6.42358311967821,0,4.97387795017318,0,5.61489163601303,0,0,0,0,0,0,0,0,0,0,0,0,0,0,0,0,0,0,0,0,0,0,0,0,0,0,0,0,0,0,0,0,0,0,0,0,0,0,0,0,0,0,0,0,0,0,0,0,0,0,0,0,0,0,0,0,0,0,0,0,0,0,0,0,0,0,0,0,0,0,0
0,0,0,5.36386221072333,5.28400834786221,0,0,0,6.45066212518515,5.91340551271575,6.31078503609866,5.15543581105859,0,5.71406061744794,0,5.99983535536809,5.34401851132661,5.72838588866505,6.62446415593837,5.05983974338473,0,0,0,5.66960511381746,5.89379589033306,6.14272218689488,0,5.12054319352939,6.01316056715373,5.14873792895395,0,5.84964131114564,0,0,6.22573059020686,0,0,5.44800577617354,5.99813475978806,5.6920176166705,5.25670875257745,0,5.46764019092951,0,0,0,0,0,0,0,0,0,0,0,0,0,0,0,0,0,0,0,0,0,0,0,0,0,0,0,0,0,0,0,0,0,0,0,0,0,0,0,0,0,0,0,0,0,0,0,0,0,0,0,0,0,0,0,0,0,0,0,0,0,0,0,0,0,0,0,0,0,0,0
0,0,0,0,0,0,0,0,0,0,0,0,0,0,0,0,0,0,0,0,0,0,0,0,0,0,0,0,0,0,4.15785642568456,0,0,0,0,0,3.9637335602976,0,0,0,0,0,0,0,0,0,0,0,0,0,0,0,0,0,0,0,0,0,0,0,0,0,0,0,0,0,0,0,0,0,0,0,0,0,0,0,0,0,0,0,0,0,0,0,0,0,0,0,0,0,0,0,0,0,0,0,0,0,0,0,0,0,0,0,0,0,0,0,0,0,0,0,0,0
0,0,0,0,0,0,0,0,0,0,5.58822788731564,0,0,5.23854807638493,0,5.97286387004858,0,0,5.63140467434166,0,5.41947104784948,0,0,5.91693375829023,5.36576121700447,5.09938256912343,0,5.76034575275136,5.78318760295362,6.21602025744655,0,5.34259128019874,6.22573059020686,0,0,0,0,5.79026669708901,6.4125852586023,6.47713317272878,5.85096892915609,0,5.81829442424219,5.33675202586573,5.23582113740687,0,5.23154805168572,0,0,0,5.222572915169,0,0,0,0,0,0,0,0,0,0,0,0,0,0,0,0,0,0,0,0,0,0,0,0,0,0,0,0,0,0,0,0,0,0,0,0,0,0,0,0,0,0,0,0,0,0,0,0,0,0,0,0,0,0,0,0,0,0,0,0,0,0,0
0,0,0,0,0,0,0,0,0,0,0,0,0,0,0,0,0,0,0,0,0,0,0,0,0,0,0,0,0,0,0,0,0,0,0,0,0,0,0,0,0,1.16951098587538,0,0,0,0,0,0,0,0,0,0,0,0,0,0,0,0,0,0,0,0,0,0,0,0,0,0,0,0,0,0,0,0,0,0,0,0,0,0,0,0,0,0,0,0,0,0,0,0,0,0,0,0,0,0,0,0,0,0,0,0,0,0,0,0,0,0,0,0,0,0,0,0
0,0,0,0,0,0,0,0,0,0,0,0,4.91032623981345,0,4.47151508828665,0,5.14850820515589,0,0,5.02398671694505,0,4.81267806859763,4.16343767279035,0,0,0,4.99251806173799,0,0,0,4.04323862253735,0,0,3.9637335602976,0,0,0,0,0,0,0,0,0,0,0,0,0,0,0,0,0,0,0,0,0,0,0,0,0,0,0,0,0,0,0,0,0,0,0,0,0,0,0,0,0,0,0,0,0,0,0,0,0,0,0,0,0,0,0,0,0,0,0,0,0,0,0,0,0,0,0,0,0,0,0,0,0,0,0,0,0,0,0,0
0,0,0,0,0,0,0,0,0,0,0,0,0,0,0,5.15891244757679,0,0,0,0,0,0,0,6.44567479274233,4.98007437773681,0,0,6.39675170353571,5.8171094673074,5.67360686486697,0,0,5.44800577617354,0,5.79026669708901,0,0,0,0,6.50065554273233,0,0,0,5.47955599888109,6.6298900086581,0,5.0916286335806,0,0,0,6.06460253015513,0,0,0,0,0,0,0,0,0,0,0,0,0,0,0,0,0,0,0,0,0,0,0,0,0,0,0,0,0,0,0,0,0,0,0,0,0,0,0,0,0,0,0,0,0,0,0,0,0,0,0,0,0,0,0,0,0,0,0,0,0,0,0
0,0,0,0,0,0,0,0,5.48989190598838,0,5.49272343838132,0,0,4.93714933285742,0,5.66755763909677,0,0,6.13749564534418,0,4.89990912212826,0,0,5.46589917092941,5.67507466940239,6.07715902119813,0,4.96547402424546,5.3388543166548,5.42548475285879,0,6.42358311967821,5.99813475978806,0,6.4125852586023,0,0,0,0,5.59992947027128,5.62053225384194,0,6.19056820578879,0,0,0,5.35453395923727,0,0,0,0,0,0,4.8376664540442,0,0,0,0,0,0,0,0,0,0,0,0,0,0,0,0,0,0,0,0,0,0,0,0,0,0,0,0,0,0,0,0,0,0,0,0,0,0,0,0,0,0,0,0,0,0,0,0,0,0,0,0,0,0,0,0,0,0,0,0
0,0,0,0,0,0,0,0,0,0,5.79781091437649,0,0,5.60844862211124,0,6.2794246376306,0,0,5.6712349003345,0,5.76580323268844,0,0,6.21715835123465,5.68163025951171,0,0,6.02806144779909,6.74228851965025,6.22931339257606,0,0,5.6920176166705,0,6.47713317272878,0,0,6.50065554273233,5.59992947027128,0,5.8802307431322,0,5.71636401044865,6.40373298879861,6.244738230206,0,6.33549700642042,0,0,0,6.24924317071509,0,0,5.65285668522137,5.4693221754837,0,0,0,0,0,0,0,0,0,0,0,0,0,0,0,0,0,0,0,0,0,0,0,0,0,0,0,0,0,0,0,0,0,0,0,0,0,0,0,0,0,0,0,0,0,0,0,0,0,0,0,0,0,0,0,0,0,0,0
0,0,0,0,0,0,0,0,0,0,5.08183715679055,0,0,0,0,5.16993418745542,0,0,5.36839743648344,0,0,0,0,4.84159241880364,5.18615950289371,4.98779806035429,0,0,5.32730532430262,4.84608607421112,0,4.97387795017318,5.25670875257745,0,5.85096892915609,0,0,0,5.62053225384194,5.8802307431322,0,0,5.68716957002937,5.34034755003458,0,0,5.74506448774316,4.72013273770865,5.03399082659119,0,0,0,0,5.34203993019621,5.02027299886386,0,0,0,0,0,0,0,0,0,0,0,0,0,0,0,0,0,0,0,0,0,0,0,0,0,0,0,0,0,0,0,0,0,0,0,0,0,0,0,0,0,0,0,0,0,0,0,0,0,0,0,0,0,0,0,0,0,0,0
0,0,0,0,0,0,0,0,0,0,0,0,0,0,0,0,0,0,0,0,0,0,0,0,0,0,0,0,0,0,0,0,0,0,0,1.16951098587538,0,0,0,0,0,0,0,0,0,0,0,0,0,0,0,0,0,0,0,0,0,0,0,0,0,0,0,0,0,0,0,0,0,0,0,0,0,0,0,0,0,0,0,0,0,0,0,0,0,0,0,0,0,0,0,0,0,0,0,0,0,0,0,0,0,0,0,0,0,0,0,0,0,0,0,0,0,0
0,0,0,0,0,0,0,0,4.93201843531378,0,0,0,0,0,0,4.89123649083333,0,0,5.4659433673848,0,0,0,0,0,5.21748299645243,5.278389862353,0,0,5.14122722450174,0,0,5.61489163601303,5.46764019092951,0,5.81829442424219,0,0,0,6.19056820578879,5.71636401044865,5.68716957002937,0,0,5.09194777489577,0,0,5.97778646418933,5.62109548238851,0,0,0,0,0,5.71626956763624,4.7522180647999,0,0,0,0,0,0,0,0,0,0,0,0,0,0,0,0,0,0,0,0,0,0,0,0,0,0,0,0,0,0,0,0,0,0,0,0,0,0,0,0,0,0,0,0,0,0,0,0,0,0,0,0,0,0,0,0,0,0,0
0,0,0,0,0,0,0,0,0,0,0,0,0,0,0,0,0,0,0,0,0,0,0,0,0,0,0,4.93766718996035,5.91308990324428,4.88030268274657,0,0,0,0,5.33675202586573,0,0,5.47955599888109,0,6.40373298879861,5.34034755003458,0,5.09194777489577,0,6.21842694749845,0,6.04291218369503,4.90215247617077,5.37389776118214,0,5.81152896541749,0,0,5.55747494356617,5.51526648203836,0,0,0,0,0,0,0,0,0,0,0,0,0,0,0,0,0,0,0,0,0,0,0,0,0,0,0,0,0,0,0,0,0,0,0,0,0,0,0,0,0,0,0,0,0,0,0,5.03795744981757,0,0,0,0,0,0,0,0,0,0,0
0,0,0,0,0,0,0,0,0,0,0,0,0,0,0,0,0,0,0,0,0,0,0,0,0,0,0,5.27744441709956,5.84264884740568,0,0,0,0,0,5.23582113740687,0,0,6.6298900086581,0,6.244738230206,0,0,0,6.21842694749845,0,0,5.75815102526174,0,0,0,6.77025191631881,0,0,5.63519952913387,5.88300862055057,0,0,0,0,0,0,0,0,0,0,0,0,0,0,0,0,0,0,0,0,0,0,0,0,0,0,0,0,0,0,0,0,0,0,0,0,0,0,0,0,0,0,0,0,0,0,0,0,0,0,0,0,0,0,0,0,0,0,0
0,0,0,0,0,0,0,0,0,0,0,0,0,0,0,0,0,0,0,0,0,0,0,0,0,0,0,0,0,0,0,0,0,0,0,0,0,0,0,0,0,0,0,0,0,0,0,0,4.22015113293834,4.01509367636205,0,0.0906035481284052,4.4187047782353,0,0,4.152649709546,0,0,0,0,0,0,0,0,0,0,0,0,0,0,0,0,0,0,0,0,0,0,0,0,0,0,0,0,0,0,0,0,0,0,0,0,0,0,0,0,0,0,0,0,0,0,0,0,0,0,0,0,0,0,0,0,0,0
0,0,0,0,0,0,0,0,0,0,0,0,0,0,0,0,0,0,0,0,0,0,0,0,0,0,0,0,5.62512275705335,0,0,0,0,0,5.23154805168572,0,0,5.0916286335806,5.35453395923727,6.33549700642042,5.74506448774316,0,5.97778646418933,6.04291218369503,5.75815102526174,0,0,5.54872982904352,5.21850766568284,0,5.98402890328874,0,0,5.89922510485877,5.73434839077579,0,0,0,0,0,0,0,0,0,0,0,0,0,0,0,0,0,0,0,0,0,0,0,0,0,0,0,0,0,0,0,0,0,0,0,0,0,0,0,0,0,0,0,0,0,0,0,0,0,0,0,0,0,0,0,0,0,0,0
0,0,0,0,0,0,0,0,0,0,0,0,0,0,0,0,0,0,0,0,0,0,0,0,0,0,0,0,0,0,0,0,0,0,0,0,0,0,0,0,4.72013273770865,0,5.62109548238851,4.90215247617077,0,0,5.54872982904352,0,4.67461215857545,0,0,0.105428709227848,4.22175237020974,5.53042921824627,4.90442721806942,4.6768426162474,0,0,0,0,0,0,0,0,0,0,0,0,0,0,0,0,0,0,0,0,0,0,0,0,0,0,0,0,0,0,0,0,0,0,0,0,0,0,0,0,0,0,0,0,0,0,0,0,0,0,0,0,0,0,0,0,0,0
0,0,0,0,0,0,0,0,0,0,0,0,0,0,0,0,0,0,0,0,0,0,0,0,0,0,0,0,0,0,0,0,0,0,0,0,0,0,0,0,5.03399082659119,0,0,5.37389776118214,0,4.22015113293834,5.21850766568284,4.67461215857545,0,0,0,0,0,5.09356933055238,5.07274627699229,4.52631177414255,0,0,0,0,0,0,0,0,0,0,0,0,0,0,0,0,0,0,0,0,0,0,0,0,0,0,0,0,0,0,0,0,0,0,0,0,0,0,0,0,0,0,0,0,0,0,0,0,0,0,0,0,0,0,0,0,0,0
0,0,0,0,0,0,0,0,0,0,0,0,0,0,0,0,0,0,0,0,0,0,0,0,0,0,0,0,0,0,0,0,0,0,0,0,0,0,0,0,0,0,0,0,0,4.01509367636205,0,0,0,0,0,0,3.77362045156808,0,0,4.08219389663103,0.0822101980842031,0,0,0,0,0,0,0,0,0,0,0,0,0,0,0,0,0,0,0,0,0,0,0,0,0,0,0,0,0,0,0,0,0,0,0,0,0,0,0,0,0,0,0,0,0,0,0,0,0,0,0,0,0,0,0,0,0
0,0,0,0,0,0,0,0,0,0,0,0,0,0,0,0,0,0,0,0,0,0,0,0,0,0,0,0,5.45779916733094,0,0,0,0,0,5.222572915169,0,0,6.06460253015513,0,6.24924317071509,0,0,0,5.81152896541749,6.77025191631881,0,5.98402890328874,0,0,0,0,0,0,5.77598125291884,6.29972713912208,0,0,0,0,0,0,0,0,0,0,0,0,0,0,0,0,0,0,0,0,0,0,0,0,0,0,0,0,0,0,0,0,0,0,0,0,0,0,0,0,0,0,0,0,0,0,0,0,0,0,0,0,0,0,0,0,0,0,0
0,0,0,0,0,0,0,0,0,0,0,0,0,0,0,0,0,0,0,0,0,0,0,0,0,0,0,0,0,0,0,0,0,0,0,0,0,0,0,0,0,0,0,0,0,0.0906035481284052,0,0.105428709227848,0,0,0,0,0.0865084032920051,0.0901594157259406,0,0.104701231647548,0,0,0,0,0,0,0,0,0,0,0,0,0,0,0,0,0,0,0,0,0,0,0,0,0,0,0,0,0,0,0,0,0,0,0,0,0,0,0,0,0,0,0,0,0,0,0,0,0,0,0,0,0,0,0,0,0,0
0,0,0,0,0,0,0,0,0,0,0,0,0,0,0,0,0,0,0,0,0,0,0,0,0,0,0,0,0,0,0,0,0,0,0,0,0,0,0,0,0,0,0,0,0,4.4187047782353,0,4.22175237020974,0,3.77362045156808,0,0.0865084032920051,0,0,0,4.01445763741218,0,0,0,0,0,0,0,0,0,0,0,0,0,0,0,0,0,0,0,0,0,0,0,0,0,0,0,0,0,0,0,0,0,0,0,0,0,0,0,0,0,0,0,0,0,0,0,0,0,0,0,0,0,0,0,0,0,0
0,0,0,0,0,0,0,0,0,0,0,0,0,0,0,0,0,0,0,0,0,0,0,0,0,0,0,0,0,0,0,0,0,0,0,0,0,0,4.8376664540442,5.65285668522137,5.34203993019621,0,5.71626956763624,5.55747494356617,5.63519952913387,0,5.89922510485877,5.53042921824627,5.09356933055238,0,5.77598125291884,0.0901594157259406,0,0,5.88085480043787,4.76374300466002,0,0,0,0,0,0,0,0,0,0,0,0,0,0,0,0,0,0,0,0,0,0,0,0,0,0,0,0,0,0,0,0,0,0,0,0,0,0,0,0,0,0,0,0,0,0,0,0,0,0,0,0,0,0,0,0,0,0
0,0,0,0,0,0,0,0,0,0,0,0,0,0,0,0,0,0,0,0,0,0,0,0,0,0,0,0,0,0,0,0,0,0,0,0,0,0,0,5.4693221754837,5.02027299886386,0,4.7522180647999,5.51526648203836,5.88300862055057,0,5.73434839077579,4.90442721806942,5.07274627699229,0,6.29972713912208,0,0,5.88085480043787,0,5.22287891853414,0,0,0,0,0,0,0,0,0,0,0,0,0,0,0,0,0,0,0,0,0,0,0,0,0,0,0,0,0,0,0,0,0,0,0,0,0,0,0,0,0,0,0,0,0,0,0,0,0,0,0,0,0,0,0,0,0,0
0,0,0,0,0,0,0,0,0,0,0,0,0,0,0,0,0,0,0,0,0,0,0,0,0,0,0,0,0,0,0,0,0,0,0,0,0,0,0,0,0,0,0,0,0,4.152649709546,0,4.6768426162474,4.52631177414255,4.08219389663103,0,0.104701231647548,4.01445763741218,4.76374300466002,5.22287891853414,0,0,0,0,0,0,0,0,0,0,0,0,0,0,0,0,0,0,0,0,0,0,0,0,0,0,0,0,0,0,0,0,0,0,0,0,0,0,0,0,0,0,0,0,0,0,0,0,0,0,0,0,0,0,0,0,0,0,0
0,0,0,0,0,0,0,0,0,0,0,0,0,0,0,0,0,0,0,0,0,0,0,0,0,0,0,0,0,0,0,0,0,0,0,0,0,0,0,0,0,0,0,0,0,0,0,0,0,0.0822101980842031,0,0,0,0,0,0,0,0,0,0,0,0,0,0,0,0,0,0,0,0,0,0,0,0,0,0,0,0,0,0,0,0,0,0,0,0,0,0,0,0,0,0,0,0,0,0,0,0,0,0,0,0,0,0,0,0,0,0,0,0,0,0,0,0
0,0,0,0,0,0,0,0,0,0,0,0,0,0,0,0,0,0,0,0,0,0,0,0,0,0,0,0,0,0,0,0,0,0,0,0,0,0,0,0,0,0,0,0,0,0,0,0,0,0,0,0,0,0,0,0,0,0,5.97883663034822,6.07739480302698,5.58647275611095,6.32760201677409,6.70897476641979,5.72426208795864,0,5.92673589348452,0,5.81556003872348,5.8689997961538,0,0,5.97504037326574,5.14146438155715,0,0,0,0,5.08512260097616,0,0,0,0,0,0,0,0,0,0,0,0,0,0,0,0,0,0,0,0,0,0,0,0,0,0,0,0,0,0,0,0,0,0,0,0
0,0,0,0,0,0,0,0,0,0,0,0,0,0,0,0,0,0,0,0,0,0,0,0,0,0,0,0,0,0,0,0,0,0,0,0,0,0,0,0,0,0,0,0,0,0,0,0,0,0,0,0,0,0,0,0,0,5.97883663034822,0,5.25047611136563,6.07282938516378,0,5.83083076204954,5.59890520593503,0,5.22602858521959,0,5.24035198740483,0,0,0,0,0,0,0,0,0,0,0,0,0,0,0,0,0,0,0,0,0,0,0,0,0,0,0,0,0,0,0,0,0,0,0,0,0,0,0,0,0,0,0,0,0,0
0,0,0,0,0,0,0,0,0,0,0,0,0,0,0,0,0,0,0,0,0,0,0,0,0,0,0,0,0,0,0,0,0,0,0,0,0,0,0,0,0,0,0,0,0,0,0,0,0,0,0,0,0,0,0,0,0,6.07739480302698,5.25047611136563,0,5.23352930976697,6.60013706881405,6.37501211228316,5.81958205155389,0,6.12025495609015,0,5.81014302371365,6.49393962774764,0,0,6.39946700765547,5.51247299323732,0,5.31859411268996,0,0,5.53965481090231,0,0,0,0,0,0,0,0,0,0,0,0,0,0,0,0,0,0,0,0,0,0,0,0,0,0,0,0,0,0,0,0,0,0,0,0
0,0,0,0,0,0,0,0,0,0,0,0,0,0,0,0,0,0,0,0,0,0,0,0,0,0,0,0,0,0,0,0,0,0,0,0,0,0,0,0,0,0,0,0,0,0,0,0,0,0,0,0,0,0,0,0,0,5.58647275611095,6.07282938516378,5.23352930976697,0,5.16658118267509,6.35534767677438,5.97364302449041,5.61541516228057,5.53389610056276,5.79030047145457,6.60815537395715,4.98220164413267,6.12592878417469,5.92062555508284,5.53169663338649,0,5.83048955119738,4.96124139478098,5.79513418684515,0,5.4445348288847,0,5.69065796440583,0,0,0,5.09733109163285,0,0,0,5.40633094628,0,0,0,0,0,0,0,0,0,0,0,0,0,0,0,0,0,0,0,0,0,0,0,0,0,0
0,0,0,0,0,0,0,0,0,0,0,0,0,0,0,0,0,0,0,0,0,0,0,0,0,0,0,0,0,0,0,0,0,0,0,0,0,0,0,0,0,0,0,0,0,0,0,0,0,0,0,0,0,0,0,0,0,6.32760201677409,0,6.60013706881405,5.16658118267509,0,5.72821772687347,5.5257193315364,0,5.98332429398822,0,0,5.71568856933982,0,0,5.94562810037239,5.10374575681005,0,0,0,0,0,0,0,0,0,0,0,0,0,0,0,0,0,0,0,0,0,0,0,0,0,0,0,0,0,0,0,0,0,0,0,0,0,0,0,0,0
0,0,0,0,0,0,0,0,0,0,0,0,0,0,0,0,0,0,0,0,0,0,0,0,0,0,0,0,0,0,0,0,0,0,0,0,0,0,0,0,0,0,0,0,0,0,0,0,0,0,0,0,0,0,0,0,0,6.70897476641979,5.83083076204954,6.37501211228316,6.35534767677438,5.72821772687347,0,6.33158886440005,0,6.12835271052563,0,5.56803852277023,5.69347966595555,0,0,5.57871850580043,5.26013082382787,0,5.11411388889559,0,0,5.06566043626961,0,0,0,0,0,0,0,0,0,0,0,0,0,0,0,0,0,0,0,0,0,0,0,0,0,0,0,0,0,0,0,0,0,0,0,0
0,0,0,0,0,0,0,0,0,0,0,0,0,0,0,0,0,0,0,0,0,0,0,0,0,0,0,0,0,0,0,0,0,0,0,0,0,0,0,0,0,0,0,0,0,0,0,0,0,0,0,0,0,0,0,0,0,5.72426208795864,5.59890520593503,5.81958205155389,5.97364302449041,5.5257193315364,6.33158886440005,0,6.15104308108848,5.94977780337716,0,6.70666228073615,5.9196472758409,5.21240247116777,6.14761856169371,6.3884236943527,5.67671032701606,5.11922337771157,5.81582540238782,5.66830899365219,0,6.38209596909844,0,5.88534506141256,0,0,5.26120708156063,5.79623392898904,5.24384306955014,0,0,5.76000335040477,0,0,0,0,0,0,0,0,0,0,0,0,0,0,0,0,0,0,0,0,0,0,0,0,0,0
0,0,0,0,0,0,0,0,0,0,0,0,0,0,0,0,0,0,0,0,0,0,0,0,0,0,0,0,0,0,0,0,0,0,0,0,0,0,0,0,0,0,0,0,0,0,0,0,0,0,0,0,0,0,0,0,0,0,0,0,5.61541516228057,0,0,6.15104308108848,0,0,5.24181124873059,6.20269062305527,0,5.31287172402609,6.44911019055723,5.27807378362704,0,5.50518969950849,4.86348995947543,5.48157471069796,5.2954369914921,5.78907494231017,0,6.20261210707374,0,0,0,5.56739978351193,4.99384965114105,0,0,5.72627270085872,0,5.09153102380502,0,0,0,0,0,0,0,0,0,0,0,0,0,0,0,0,0,0,0,0,0,0,0,0
0,0,0,0,0,0,0,0,0,0,0,0,0,0,0,0,0,0,0,0,0,0,0,0,0,0,0,0,0,0,0,0,0,0,0,0,0,0,0,0,0,0,0,0,0,0,0,0,0,0,0,0,0,0,0,0,0,5.92673589348452,5.22602858521959,6.12025495609015,5.53389610056276,5.98332429398822,6.12835271052563,5.94977780337716,0,0,0,6.0225114825836,6.5380066538705,0,0,6.44605849424855,5.68215263264812,0,5.57570569596863,0,0,5.98738418723713,0,0,0,0,5.33309098165617,4.98936443103179,0,0,0,0,0,0,0,0,0,0,0,0,0,0,0,0,0,0,0,0,0,0,0,0,0,0,0,0,0,0
0,0,0,0,0,0,0,0,0,0,0,0,0,0,0,0,0,0,0,0,0,0,0,0,0,0,0,0,0,0,0,0,0,0,0,0,0,0,0,0,0,0,0,0,0,0,0,0,0,0,0,0,0,0,0,0,0,0,0,0,5.79030047145457,0,0,0,5.24181124873059,0,0,6.12504758519446,0,6.50002648862494,5.49679950608137,0,0,6.28427070373551,0,5.55943907853893,5.07376572958389,0,0,5.65389063868026,4.88922823129812,5.3228100297699,0,0,0,5.29797317795987,0,5.5889564529192,0,0,0,0,0,0,0,0,0,5.04293796974276,0,0,0,0,0,0,0,0,0,0,0,0,0,0,0,0
0,0,0,0,0,0,0,0,0,0,0,0,0,0,0,0,0,0,0,0,0,0,0,0,0,0,0,0,0,0,0,0,0,0,0,0,0,0,0,0,0,0,0,0,0,0,0,0,0,0,0,0,0,0,0,0,0,5.81556003872348,5.24035198740483,5.81014302371365,6.60815537395715,0,5.56803852277023,6.70666228073615,6.20269062305527,6.0225114825836,6.12504758519446,0,5.18480291777422,6.18125013929384,6.33347091681614,5.74693319488349,5.45274450718523,6.19003954823547,5.60417043865007,6.5480207779728,5.3580342555001,5.95279052642431,0,6.11683970835752,0,0,0,5.52693821982722,5.17384219979328,5.77018623279149,0,5.90554758345951,0,0,0,0,0,0,0,0,0,0,0,0,0,0,0,0,0,0,0,0,0,0,0,0,0,0
0,0,0,0,0,0,0,0,0,0,0,0,0,0,0,0,0,0,0,0,0,0,0,0,0,0,0,0,0,0,0,0,0,0,0,0,0,0,0,0,0,0,0,0,0,0,0,0,0,0,0,0,0,0,0,0,0,5.8689997961538,0,6.49393962774764,4.98220164413267,5.71568856933982,5.69347966595555,5.9196472758409,0,6.5380066538705,0,5.18480291777422,0,0,0,6.06310731482013,6.1788398769508,0,5.98984590741169,0,0,6.21933541338639,0,0,0,0,5.79118242028427,5.03405337713462,0,0,0,0,0,0,0,0,0,0,0,0,0,0,0,0,0,0,0,0,0,0,0,0,0,0,0,0,0,0
0,0,0,0,0,0,0,0,0,0,0,0,0,0,0,0,0,0,0,0,0,0,0,0,0,0,0,0,0,0,0,0,0,0,0,0,0,0,0,0,0,0,0,0,0,0,0,0,0,0,0,0,0,0,0,0,0,0,0,0,6.12592878417469,0,0,5.21240247116777,5.31287172402609,0,6.50002648862494,6.18125013929384,0,0,5.71980228370539,0,0,6.70971013434697,0,5.72093612763323,5.41077297363165,0,0,5.76146733961126,5.74200716545726,5.19825946929367,0,0,0,5.37710487383615,0,5.52006752465522,0,0,0,0,0,0,0,0,0,5.14732676239051,0,0,0,0,0,0,0,0,0,0,0,0,0,0,0,0
0,0,0,0,0,0,0,0,0,0,0,0,0,0,0,0,0,0,0,0,0,0,0,0,0,0,0,0,0,0,0,0,0,0,0,0,0,0,0,0,0,0,0,0,0,0,0,0,0,0,0,0,0,0,0,0,0,0,0,0,5.92062555508284,0,0,6.14761856169371,6.44911019055723,0,5.49679950608137,6.33347091681614,0,5.71980228370539,0,5.35865010270473,0,5.53953210298973,0,5.59487577754705,6.04159472038291,5.94815220071959,0,6.83104335392369,5.44122477223511,0,0,5.91787623973206,5.16907201470057,5.38284293403037,0,6.28610061521099,0,6.02731642429857,0,0,5.3165973528656,5.64140898590652,0,0,0,0,0,5.13969273479129,0,0,0,0,0,0,0,0,0,0,0,0,0,0
0,0,0,0,0,0,0,0,0,0,0,0,0,0,0,0,0,0,0,0,0,0,0,0,0,0,0,0,0,0,0,0,0,0,0,0,0,0,0,0,0,0,0,0,0,0,0,0,0,0,0,0,0,0,0,0,0,5.97504037326574,0,6.39946700765547,5.53169663338649,5.94562810037239,5.57871850580043,6.3884236943527,5.27807378362704,6.44605849424855,0,5.74693319488349,6.06310731482013,0,5.35865010270473,0,6.0325403179924,0,6.0191359585826,5.38164242933465,0,6.17262959517065,5.15194567485085,0,0,0,5.1785000900518,5.30397939287088,4.84350307183464,0,0,5.34183143543412,0,0,0,0,0,0,0,0,0,0,0,0,0,0,0,0,0,0,0,0,0,0,0,0,0,0
0,0,0,0,0,0,0,0,0,0,0,0,0,0,0,0,0,0,0,0,0,0,0,0,0,0,0,0,0,0,0,0,0,0,0,0,0,0,0,0,0,0,0,0,0,0,0,0,0,0,0,0,0,0,0,0,0,5.14146438155715,0,5.51247299323732,0,5.10374575681005,5.26013082382787,5.67671032701606,0,5.68215263264812,0,5.45274450718523,6.1788398769508,0,0,6.0325403179924,0,0,5.91183984195186,0,0,6.16824537647818,4.99095288796913,0,0,0,5.65275126387926,4.98215765836768,0,0,0,0,0,0,4.77791094657815,0,0,0,0,0,0,0,0,0,0,0,0,0,0,0,0,0,0,0,0,0,0,0
0,0,0,0,0,0,0,0,0,0,0,0,0,0,0,0,0,0,0,0,0,0,0,0,0,0,0,0,0,0,0,0,0,0,0,0,0,0,0,0,0,0,0,0,0,0,0,0,0,0,0,0,0,0,0,0,0,0,0,0,5.83048955119738,0,0,5.11922337771157,5.50518969950849,0,6.28427070373551,6.19003954823547,0,6.70971013434697,5.53953210298973,0,0,0,0,5.93681577411451,5.55518007462882,0,0,6.03479016018934,6.00207359340327,6.41283532665687,0,0,0,6.21496397085369,5.46236741715465,6.32188727612765,0,5.3614940680291,0,0,5.8263633777038,5.7488907691788,0,0,0,6.14989436124927,0,5.21728626420145,0,0,0,0,0,0,0,0,0,0,0,0,0,0
0,0,0,0,0,0,0,0,0,0,0,0,0,0,0,0,0,0,0,0,0,0,0,0,0,0,0,0,0,0,0,0,0,0,0,0,0,0,0,0,0,0,0,0,0,0,0,0,0,0,0,0,0,0,0,0,0,0,0,5.31859411268996,4.96124139478098,0,5.11411388889559,5.81582540238782,4.86348995947543,5.57570569596863,0,5.60417043865007,5.98984590741169,0,0,6.0191359585826,5.91183984195186,0,0,0,0,6.0933512974904,4.966860914483,0,0,0,5.57057670333384,5.02363770494743,0,0,0,4.9525638065875,0,0,0,0,0,0,0,0,0,0,0,0,0,0,0,0,0,0,0,0,0,0,0,0,0,0
0,0,0,0,0,0,0,0,0,0,0,0,0,0,0,0,0,5.95750139648558,0,0,0,0,0,0,0,0,0,0,5.61952841759028,0,0,0,0,0,0,0,0,0,0,0,0,0,0,0,0,0,0,0,0,0,0,0,0,0,0,0,0,0,0,0,5.79513418684515,0,0,5.66830899365219,5.48157471069796,0,5.55943907853893,6.5480207779728,0,5.72093612763323,5.59487577754705,5.38164242933465,0,5.93681577411451,0,0,5.00500786150901,4.98103126913243,0,5.44915966316415,0,0,0,0,0,6.44556487371431,0,5.56517644557356,0,0,0,0,0,0,0,0,0,0,0,0,0,0,0,0,0,0,0,0,0,0,0,0,0,0
0,0,0,0,0,0,0,0,0,0,0,0,0,0,0,0,0,0,0,0,0,0,0,0,0,0,0,0,0,0,0,0,0,0,0,0,0,0,0,0,0,0,0,0,0,0,0,0,0,0,0,0,0,0,0,0,0,0,0,0,0,0,0,0,5.2954369914921,0,5.07376572958389,5.3580342555001,0,5.41077297363165,6.04159472038291,0,0,5.55518007462882,0,5.00500786150901,0,5.21393198479171,0,6.58860444791144,6.03335697108124,6.02958252570869,0,5.04467262042591,0,5.76604509066425,5.26387002829526,6.46848263652986,0,6.24293597251186,0,0,5.8542293971222,6.04773388102709,0,0,0,5.98159864693882,0,5.45148865427943,0,0,0,0,0,0,0,0,0,0,0,0,0,0
0,0,0,0,0,0,0,0,0,0,0,0,0,0,0,0,0,0,0,0,0,0,0,0,0,0,0,0,0,0,0,0,0,0,0,0,0,0,0,0,0,0,0,0,0,0,0,0,0,0,0,0,0,0,0,0,0,5.08512260097616,0,5.53965481090231,5.4445348288847,0,5.06566043626961,6.38209596909844,5.78907494231017,5.98738418723713,0,5.95279052642431,6.21933541338639,0,5.94815220071959,6.17262959517065,6.16824537647818,0,6.0933512974904,4.98103126913243,5.21393198479171,0,5.06270276178751,5.5698339201243,0,0,5.64736242396583,5.7456091351703,5.19881517600911,0,0,5.5436030347993,0,0,0,0,0,0,0,0,0,0,0,0,0,0,0,0,0,0,0,0,0,0,0,0,0,0
0,0,0,0,0,0,0,0,0,0,0,0,0,0,0,0,0,0,0,0,0,0,0,0,0,0,0,0,0,0,0,0,0,0,0,0,0,0,0,0,0,0,0,0,0,0,0,0,0,0,0,0,0,0,0,0,0,0,0,0,0,0,0,0,0,0,0,0,0,0,0,5.15194567485085,4.99095288796913,0,4.966860914483,0,0,5.06270276178751,0,0,0,0,4.42806204821531,4.48363603456467,0,0,0,0,0,0,0,0.0976332827027342,0,0,0,0,0,0,0,0,0,0,0,0,0,0,0,0,0,0,0,0,0,0
0,0,0,0,0,0,0,0,0,0,0,0,0,0,0,0,0,0,0,0,0,0,0,0,0,0,0,0,0,0,0,0,0,0,0,0,0,0,0,0,0,0,0,0,0,0,0,0,0,0,0,0,0,0,0,0,0,0,0,0,5.69065796440583,0,0,5.88534506141256,6.20261210707374,0,5.65389063868026,6.11683970835752,0,5.76146733961126,6.83104335392369,0,0,6.03479016018934,0,5.44915966316415,6.58860444791144,5.5698339201243,0,0,5.91095611712964,5.69801732333225,0,0,0,5.67496482854238,5.23862831445197,6.17591642964233,0,6.59061639176369,0,0,5.57820718798253,6.14067555729135,0,0,0,5.1535095747587,0,5.57235751978101,0,0,0,0,0,0,0,0,0,0,0,0,0,0
0,0,0,0,0,0,0,0,0,0,0,0,0,0,0,0,0,0,0,0,0,0,0,0,0,0,0,0,0,0,0,0,0,0,0,0,0,0,0,0,0,0,0,0,0,0,0,0,0,0,0,0,0,0,0,0,0,0,0,0,0,0,0,0,0,0,4.88922823129812,0,0,5.74200716545726,5.44122477223511,0,0,6.00207359340327,0,0,6.03335697108124,0,0,5.91095611712964,0,6.46191569427638,0,0,0,5.63880466340292,5.83148336939733,6.09424455604734,0,5.74325139110993,0,0,5.92626132601913,5.82398087890531,0,0,0,6.13963091003515,5.09977365537469,5.339654588552,0,0,0,0,0,4.88501697449542,0,0,0,0,0,0,0,0
0,0,0,0,0,0,0,0,0,0,0,0,0,0,0,0,0,0,0,0,0,0,0,0,0,0,0,0,0,0,0,0,0,0,0,0,0,0,0,0,0,0,0,0,0,0,0,0,0,0,0,0,0,0,0,0,0,0,0,0,0,0,0,0,0,0,5.3228100297699,0,0,5.19825946929367,0,0,0,6.41283532665687,0,0,6.02958252570869,0,0,5.69801732333225,6.46191569427638,0,0,0,0,5.27959913788807,6.68299450191895,5.95232973807552,0,0,0,0,5.81956350756442,5.50227213465161,0,5.83870637072874,0,6.10635311413776,6.06416298881134,0,0,0,0,0,0,0,0,0,0,0,0,0,0,0
0,0,0,0,0,0,0,0,0,0,0,0,0,0,0,0,0,0,0,0,0,0,0,0,0,0,0,0,0,0,0,0,0,0,0,0,0,0,0,0,0,0,0,0,0,0,0,0,0,0,0,0,0,0,0,0,0,0,0,0,0,0,0,5.26120708156063,0,5.33309098165617,0,0,5.79118242028427,0,0,5.1785000900518,5.65275126387926,0,5.57057670333384,0,0,5.64736242396583,4.42806204821531,0,0,0,0,4.81417066660614,0,0,0,0,0,0,4.37021036597589,0.0827797139568387,0,0,0,0,0,0,0,0,0,0,0,0,0,0,0,0,0,0,0,0,0,0
0,0,0,0,0,0,0,0,0,0,0,0,0,0,0,0,0,0,0,0,0,0,0,0,0,0,0,0,0,0,0,0,0,0,0,0,0,0,0,0,0,0,0,0,0,0,0,0,0,0,0,0,0,0,0,0,0,0,0,0,5.09733109163285,0,0,5.79623392898904,5.56739978351193,4.98936443103179,0,5.52693821982722,5.03405337713462,0,5.91787623973206,5.30397939287088,4.98215765836768,0,5.02363770494743,0,5.04467262042591,5.7456091351703,4.48363603456467,0,0,0,4.81417066660614,0,5.22843122836794,0,0,5.12286228917711,0,0,0,0,0,0,4.85377583091375,0,0,0,0,0,0.0847710835002758,0,0,0,0,0,0,0,0,0,0,0,0,0
0,0,0,0,0,0,0,0,0,0,0,0,0,0,0,0,0,0,0,0,0,0,0,0,0,0,0,0,0,0,0,0,0,0,0,0,0,0,0,0,0,0,0,0,0,0,0,0,0,0,0,0,0,0,0,0,0,0,0,0,0,0,0,5.24384306955014,4.99384965114105,0,0,5.17384219979328,0,0,5.16907201470057,4.84350307183464,0,0,0,0,0,5.19881517600911,0,0,0,0,0,5.22843122836794,0,0,0,0,0,0,0,0,0,0,4.18887288621849,0,0,0,0,0,0,0,0,0,0,0,0,0,0,0,0,0,0,0
0,0,0,0,0,0,0,0,0,0,0,0,0,0,0,0,0,5.53145591474509,0,0,0,0,0,0,0,0,0,0,5.12486908227909,0,0,0,0,0,0,0,0,0,0,0,0,0,0,0,0,0,0,0,0,0,0,0,0,0,0,0,0,0,0,0,0,0,0,0,0,0,5.29797317795987,5.77018623279149,0,5.37710487383615,5.38284293403037,0,0,6.21496397085369,0,6.44556487371431,5.76604509066425,0,0,5.67496482854238,5.63880466340292,5.27959913788807,0,0,0,0,5.78311161267364,6.20102539128629,0,0,0,0,5.72119760098372,5.42359908288769,0,5.56720047305908,0,6.71930365993271,5.66075558623497,5.50344479964762,0,0,5.70004511184943,0,0,5.93174443147433,0,5.73142422162833,0,0,0,0,0,0
0,0,0,0,0,0,0,0,0,0,0,0,0,0,0,0,0,0,0,0,0,0,0,0,0,0,0,0,0,0,0,0,0,0,0,0,0,0,0,0,0,0,0,0,0,0,0,0,0,0,0,0,0,0,0,0,0,0,0,0,0,0,0,0,0,0,0,0,0,0,0,0,0,5.46236741715465,0,0,5.26387002829526,0,0,5.23862831445197,5.83148336939733,6.68299450191895,0,0,0,5.78311161267364,0,5.9387601193091,0,0,0,0,6.44097168261595,5.6284075593939,0,6.21122524724464,0,6.45521437054355,6.39180244430528,5.14999277870577,0,0,5.14896034869345,0,0,5.19113823512844,0,5.45556241935686,0,0,0,0,0,0
0,0,0,0,0,0,0,0,0,0,0,0,0,0,0,0,0,0,0,0,0,0,0,0,0,0,0,0,0,0,0,0,0,0,0,0,0,0,0,0,0,0,0,0,0,0,0,0,0,0,0,0,0,0,0,0,0,0,0,0,5.40633094628,0,0,5.76000335040477,5.72627270085872,0,5.5889564529192,5.90554758345951,0,5.52006752465522,6.28610061521099,5.34183143543412,0,6.32188727612765,4.9525638065875,5.56517644557356,6.46848263652986,5.5436030347993,0,6.17591642964233,6.09424455604734,5.95232973807552,0,5.12286228917711,0,6.20102539128629,5.9387601193091,0,0,5.61214365663899,0,0,6.40466251880852,6.02651872447075,0,5.21317000514742,5.57057968812024,6.06949950860191,5.58028409588851,5.78653896282087,0,0,5.1771735350453,0,0,5.5800597815666,0,4.90036850599967,0,0,0,0,0,0
0,0,0,0,0,0,0,0,0,0,0,0,0,0,0,0,0,0,0,0,0,0,0,0,0,0,0,0,0,0,0,0,0,0,0,0,0,0,0,0,0,0,0,0,0,0,0,0,0,0,0,0,0,0,0,0,0,0,0,0,0,0,0,0,0,0,0,0,0,0,0,0,0,0,0,0,0,0,0,0,0,0,0,0,0,0,0,0,0,0,4.02919006563434,0,0,0,3.80073936103528,0,0,0,0,0,0,0,0,0,0,0,0,0,0,0,0,0,0,0
0,0,0,0,0,0,0,0,0,0,0,0,0,0,0,0,0,0,0,0,0,0,0,0,0,0,0,0,0,0,0,0,0,0,0,0,0,0,0,0,0,0,0,0,0,0,0,0,0,0,0,0,0,0,0,0,0,0,0,0,0,0,0,0,5.09153102380502,0,0,0,0,0,6.02731642429857,0,0,5.3614940680291,0,0,6.24293597251186,0,0,6.59061639176369,5.74325139110993,0,0,0,0,0,0,5.61214365663899,0,0,0,0,6.07078210407369,6.43677068144278,0,0,0,5.08304912131119,0,5.80235129464865,0,0,0,0,0,0,0,0,0,0,0,0,0,0
0,0,0,0,0,0,0,0,0,0,0,0,0,0,0,0,0,0,0,0,0,0,0,0,0,0,0,0,0,0,0,0,0,0,0,0,0,0,0,0,0,0,0,0,0,0,0,0,0,0,0,0,0,0,0,0,0,0,0,0,0,0,0,0,0,0,0,0,0,0,0,0,4.77791094657815,0,0,0,0,0,0,0,0,0,4.37021036597589,0,0,0,0,0,4.02919006563434,0,0,0,0,0,3.73683591567682,0,0,0,0,0,0,0,0,0,0,0,0,0,0,0,0,0,0,0
0,0,0,0,0,0,0,0,0,0,0,0,0,0,0,0,0,0,0,0,0,0,0,0,0,0,0,0,0,0,0,0,0,0,0,0,0,0,0,0,0,0,0,0,0,0,0,0,0,0,0,0,0,0,0,0,0,0,0,0,0,0,0,0,0,0,0,0,0,0,0,0,0,0,0,0,0,0,0.0976332827027342,0,0,0,0.0827797139568387,0,0,0,0,0,0,0,0,0,0,0,0,0,0.0870404370318694,0,0,0,0,0,0,0,0,0,0,0,0,0,0,0,0,0
0,0,0,0,0,0,0,0,0,0,0,0,0,0,0,0,0,0,0,0,0,0,0,0,0,0,0,0,0,0,0,0,0,0,0,0,0,0,0,0,0,0,0,0,0,0,0,0,0,0,0,0,0,0,0,0,0,0,0,0,0,0,0,0,0,0,0,0,0,0,5.3165973528656,0,0,5.8263633777038,0,0,5.8542293971222,0,0,5.57820718798253,5.92626132601913,5.81956350756442,0,0,0,5.72119760098372,6.44097168261595,6.40466251880852,0,6.07078210407369,0,0,0,6.55827145127272,0,5.34678847484921,5.29248282342983,6.50662213029689,5.76603783231086,5.99271424607237,0,0,5.14872117940357,0,0,5.5004758036946,0,5.28241611641095,0,0,0,0,0,0
0,0,0,0,0,0,0,0,0,0,0,0,0,0,0,0,0,0,0,0,0,0,0,0,0,0,0,0,0,0,0,0,0,0,0,0,0,0,0,0,0,0,0,0,0,0,0,0,0,0,0,0,0,0,0,0,0,0,0,0,0,0,0,0,0,0,0,0,0,0,5.64140898590652,0,0,5.7488907691788,0,0,6.04773388102709,0,0,6.14067555729135,5.82398087890531,5.50227213465161,0,0,0,5.42359908288769,5.6284075593939,6.02651872447075,0,6.43677068144278,0,0,6.55827145127272,0,0,0,5.15549911098409,5.68749195395297,0,6.26376164754418,0,0,0,0,4.98092017778873,5.64619065202646,0,0,0,0,0,0,0,0
0,0,0,0,0,0,0,0,0,0,0,0,0,0,0,0,0,0,0,0,0,0,0,0,0,0,0,0,0,0,0,0,0,0,0,0,0,0,0,0,0,0,0,0,0,0,0,0,0,0,0,0,0,0,0,0,0,0,0,0,0,0,0,0,0,0,0,0,0,0,0,0,0,0,0,0,0,0,0,0,0,0,0,4.85377583091375,4.18887288621849,0,0,0,3.80073936103528,0,3.73683591567682,0,0,0,0,0,0,0,0,0,0.0747900574116041,0,0,0,0,0,0,0,0,0,0,0,0,0
0,0,0,0,0,0,0,0,0,0,0,0,0,0,0,0,0,0,0,0,0,0,0,0,0,0,0,0,0,0,0,0,0,0,0,0,0,0,0,0,0,0,0,0,0,0,0,0,0,0,0,0,0,0,0,0,0,0,0,0,0,0,0,0,0,0,0,0,0,0,0,0,0,0,0,0,0,0,0,0,0,5.83870637072874,0,0,0,5.56720047305908,6.21122524724464,5.21317000514742,0,0,0,0,5.34678847484921,0,0,0,0,5.74779453627271,6.71318600837063,0,0,0,5.15858242138445,0,0,5.33063025916974,0,6.47449925865489,0,0,0,0,5.1180757743594,0
0,0,0,0,0,0,0,0,0,0,0,0,0,0,0,0,0,0,0,0,0,0,0,0,0,0,0,0,0,0,0,0,0,0,0,0,0,0,0,0,0,0,0,0,0,0,0,0,0,0,0,0,0,0,0,0,0,0,0,0,0,0,0,0,0,0,0,0,0,0,0,0,0,0,0,0,0,0,0,0,0,0,0,0,0,0,0,5.57057968812024,0,0,0,0.0870404370318694,5.29248282342983,5.15549911098409,0,0,0,5.49997557866664,0,5.48053536050627,0.0974215011837244,4.68887840659068,4.96602301076033,0,4.68326318280766,5.70879226351628,4.64417785846229,0,4.30788087352596,0,0,4.75675799941723,4.94885048799198,0
0,0,0,0,0,0,0,0,0,0,0,0,0,0,0,0,0,0,0,0,0,0,0,0,0,0,0,0,0,0,0,0,0,0,0,0,0,0,0,0,0,0,0,0,0,0,0,0,0,0,0,0,0,0,0,0,0,0,0,0,0,0,0,0,0,0,5.04293796974276,0,0,5.14732676239051,0,0,0,6.14989436124927,0,0,5.98159864693882,0,0,5.1535095747587,6.13963091003515,6.10635311413776,0,0,0,6.71930365993271,6.45521437054355,6.06949950860191,0,5.08304912131119,0,0,6.50662213029689,5.68749195395297,0,5.74779453627271,5.49997557866664,0,6.43140160503039,5.76859993727913,0,0,6.20703933702787,0,0,6.43364321642993,0,6.29288539622128,0,0,0,5.098132325456,5.55671034491817,0
0,0,0,0,0,0,0,0,0,0,0,0,0,0,0,0,0,0,0,0,0,0,0,0,0,0,0,0,0,0,0,0,0,0,0,0,0,0,0,0,0,0,0,0,0,0,0,0,0,0,0,0,0,0,0,0,0,0,0,0,0,0,0,0,0,0,0,0,0,0,0,0,0,0,0,0,0,0,0,0,5.09977365537469,6.06416298881134,0,0,0,5.66075558623497,6.39180244430528,5.58028409588851,0,0,0,0,5.76603783231086,0,0,6.71318600837063,0,6.43140160503039,0,0,0,0,5.26958449388345,0,0,5.9210792701045,0,6.4544730929436,0,0,0,0,5.39953444979798,0
0,0,0,0,0,0,0,0,0,0,0,0,0,0,0,0,0,0,0,0,0,0,0,0,0,0,0,0,0,0,0,0,0,0,0,0,0,0,0,0,0,0,0,0,0,0,0,0,0,0,0,0,0,0,0,0,0,0,0,0,0,0,0,0,0,0,0,0,0,0,5.13969273479129,0,0,5.21728626420145,0,0,5.45148865427943,0,0,5.57235751978101,5.339654588552,0,0,0,0,5.50344479964762,5.14999277870577,5.78653896282087,0,5.80235129464865,0,0,5.99271424607237,6.26376164754418,0,0,5.48053536050627,5.76859993727913,0,0,0,0,5.31834936629822,0,5.73273800628007,6.2658879467183,0,5.09127373382844,0,0,0,4.90499951722739,5.01373833242279,0
0,0,0,0,0,0,0,0,0,0,0,0,0,0,0,0,0,0,0,0,0,0,0,0,0,0,0,0,0,0,0,0,0,0,0,0,0,0,0,0,0,0,0,0,0,0,0,0,0,0,0,0,0,0,0,0,0,0,0,0,0,0,0,0,0,0,0,0,0,0,0,0,0,0,0,0,0,0,0,0,0,0,0,0.0847710835002758,0,0,0,0,0,0,0,0,0,0,0.0747900574116041,0,0.0974215011837244,0,0,0,0,0,0,0,0,0,0,0,0,0,0,0,0,0
0,0,0,0,0,0,0,0,0,0,0,0,0,0,0,0,0,0,0,0,0,0,0,0,0,0,0,0,0,0,0,0,0,0,0,0,0,0,0,0,0,0,0,0,0,0,0,0,0,0,0,0,0,0,0,0,0,0,0,0,0,0,0,0,0,0,0,0,0,0,0,0,0,0,0,0,0,0,0,0,0,0,0,0,0,0,0,0,0,0,0,0,0,0,0,0,4.68887840659068,0,0,0,0,0,0,0,0,0,3.91146411442444,0,4.45728394544889,0.0897101480559331,0,0,0,0
0,0,0,0,0,0,0,0,0,0,0,0,0,0,0,0,0,0,0,0,0,0,0,0,0,0,0,0,0,0,0,0,0,0,0,0,0,0,0,0,0,0,0,5.03795744981757,0,0,0,0,0,0,0,0,0,0,0,0,0,0,0,0,0,0,0,0,0,0,0,0,0,0,0,0,0,0,0,0,0,0,0,0,0,0,0,0,0,5.70004511184943,5.14896034869345,5.1771735350453,0,0,0,0,5.14872117940357,0,0,5.15858242138445,4.96602301076033,6.20703933702787,5.26958449388345,5.31834936629822,0,0,0,0,4.78816454441411,6.128130301062,5.05473613817206,5.95598990996846,0,0,0,5.15596022833826,5.413870552883,0
0,0,0,0,0,0,0,0,0,0,0,0,0,0,0,0,0,0,0,0,0,0,0,0,0,0,0,0,0,0,0,0,0,0,0,0,0,0,0,0,0,0,0,0,0,0,0,0,0,0,0,0,0,0,0,0,0,0,0,0,0,0,0,0,0,0,0,0,0,0,0,0,0,0,0,0,0,0,0,0,0,0,0,0,0,0,0,0,0,0,0,0,0,0,0,0,0,0,0,0,0,0,0,0,0,0,0,0,3.57049276705292,0,0,0,0,0
0,0,0,0,0,0,0,0,0,0,0,0,0,0,0,0,0,0,0,0,0,0,0,0,0,0,0,0,0,0,0,0,0,0,0,0,0,0,0,0,0,0,0,0,0,0,0,0,0,0,0,0,0,0,0,0,0,0,0,0,0,0,0,0,0,0,0,0,0,0,0,0,0,0,0,0,0,0,0,0,0,0,0,0,0,0,0,0,0,0,0,0,0,4.98092017778873,0,0,4.68326318280766,0,0,5.73273800628007,0,0,4.78816454441411,0,0,5.82879692842961,0,0,0,0.113741777428664,0,5.26784855076417,4.87173652526524,0
0,0,0,0,0,0,0,0,0,0,0,0,0,0,0,0,0,0,0,0,0,0,0,0,0,0,0,0,0,0,0,0,0,0,0,0,0,0,0,0,0,0,0,0,0,0,0,0,0,0,0,0,0,0,0,0,0,0,0,0,0,0,0,0,0,0,0,0,0,0,0,0,0,0,0,0,0,0,0,0,4.88501697449542,0,0,0,0,5.93174443147433,5.19113823512844,5.5800597815666,0,0,0,0,5.5004758036946,5.64619065202646,0,5.33063025916974,5.70879226351628,6.43364321642993,5.9210792701045,6.2658879467183,0,0,6.128130301062,0,5.82879692842961,0,5.01572840550074,6.27045671323986,0,0.103200159132168,0,5.68981568201469,6.12185695169015,0
0,0,0,0,0,0,0,0,0,0,0,0,0,0,0,0,0,0,0,0,0,0,0,0,0,0,0,0,0,0,0,0,0,0,0,0,0,0,0,0,0,0,0,0,0,0,0,0,0,0,0,0,0,0,0,0,0,0,0,0,0,0,0,0,0,0,0,0,0,0,0,0,0,0,0,0,0,0,0,0,0,0,0,0,0,0,0,0,0,0,0,0,0,0,0,0,4.64417785846229,0,0,0,0,3.91146411442444,5.05473613817206,0,0,5.01572840550074,0,0,0,0,0,4.6467969984667,0,0
0,0,0,0,0,0,0,0,0,0,0,0,0,0,0,0,0,0,0,0,0,0,0,0,0,0,0,0,0,0,0,0,0,0,0,0,0,0,0,0,0,0,0,0,0,0,0,0,0,0,0,0,0,0,0,0,0,0,0,0,0,0,0,0,0,0,0,0,0,0,0,0,0,0,0,0,0,0,0,0,0,0,0,0,0,5.73142422162833,5.45556241935686,4.90036850599967,0,0,0,0,5.28241611641095,0,0,6.47449925865489,0,6.29288539622128,6.4544730929436,5.09127373382844,0,0,5.95598990996846,0,0,6.27045671323986,0,0,0,0,0,5.51165582147849,6.26128748787327,0
0,0,0,0,0,0,0,0,0,0,0,0,0,0,0,0,0,0,0,0,0,0,0,0,0,0,0,0,0,0,0,0,0,0,0,0,0,0,0,0,0,0,0,0,0,0,0,0,0,0,0,0,0,0,0,0,0,0,0,0,0,0,0,0,0,0,0,0,0,0,0,0,0,0,0,0,0,0,0,0,0,0,0,0,0,0,0,0,0,0,0,0,0,0,0,0,4.30788087352596,0,0,0,0,4.45728394544889,0,3.57049276705292,0,0,0,0,0,0.0907781819115467,3.55370220965276,0,0,0
0,0,0,0,0,0,0,0,0,0,0,0,0,0,0,0,0,0,0,0,0,0,0,0,0,0,0,0,0,0,0,0,0,0,0,0,0,0,0,0,0,0,0,0,0,0,0,0,0,0,0,0,0,0,0,0,0,0,0,0,0,0,0,0,0,0,0,0,0,0,0,0,0,0,0,0,0,0,0,0,0,0,0,0,0,0,0,0,0,0,0,0,0,0,0,0,0,0,0,0,0,0.0897101480559331,0,0,0.113741777428664,0.103200159132168,0,0,0.0907781819115467,0,0,0.107733660553745,0,0
0,0,0,0,0,0,0,0,0,0,0,0,0,0,0,0,0,0,0,0,0,0,0,0,0,0,0,0,0,0,0,0,0,0,0,0,0,0,0,0,0,0,0,0,0,0,0,0,0,0,0,0,0,0,0,0,0,0,0,0,0,0,0,0,0,0,0,0,0,0,0,0,0,0,0,0,0,0,0,0,0,0,0,0,0,0,0,0,0,0,0,0,0,0,0,0,0,0,0,0,0,0,0,0,0,0,0,0,3.55370220965276,0,0,0,0,0.0796725714913798
0,0,0,0,0,0,0,0,0,0,0,0,0,0,0,0,0,0,0,0,0,0,0,0,0,0,0,0,0,0,0,0,0,0,0,0,0,0,0,0,0,0,0,0,0,0,0,0,0,0,0,0,0,0,0,0,0,0,0,0,0,0,0,0,0,0,0,0,0,0,0,0,0,0,0,0,0,0,0,0,0,0,0,0,0,0,0,0,0,0,0,0,0,0,0,0,4.75675799941723,5.098132325456,0,4.90499951722739,0,0,5.15596022833826,0,5.26784855076417,5.68981568201469,4.6467969984667,5.51165582147849,0,0.107733660553745,0,0,6.05106728081986,0
0,0,0,0,0,0,0,0,0,0,0,0,0,0,0,0,0,0,0,0,0,0,0,0,0,0,0,0,0,0,0,0,0,0,0,0,0,0,0,0,0,0,0,0,0,0,0,0,0,0,0,0,0,0,0,0,0,0,0,0,0,0,0,0,0,0,0,0,0,0,0,0,0,0,0,0,0,0,0,0,0,0,0,0,0,0,0,0,0,0,0,0,0,0,0,5.1180757743594,4.94885048799198,5.55671034491817,5.39953444979798,5.01373833242279,0,0,5.413870552883,0,4.87173652526524,6.12185695169015,0,6.26128748787327,0,0,0,6.05106728081986,0,0
0,0,0,0,0,0,0,0,0,0,0,0,0,0,0,0,0,0,0,0,0,0,0,0,0,0,0,0,0,0,0,0,0,0,0,0,0,0,0,0,0,0,0,0,0,0,0,0,0,0,0,0,0,0,0,0,0,0,0,0,0,0,0,0,0,0,0,0,0,0,0,0,0,0,0,0,0,0,0,0,0,0,0,0,0,0,0,0,0,0,0,0,0,0,0,0,0,0,0,0,0,0,0,0,0,0,0,0,0,0,0.0796725714913798,0,0,0
