Aviz_1,Aviz_2,Aviz_3,Aviz_4,Aviz_5,Aviz_6,Aviz_7,Aviz_8,Aviz_9,Aviz_10,Aviz_11,Aviz_12,Aviz_13,Aviz_14,Aviz_15,Aviz_16,Aviz_17,Aviz_18,Aviz_19,Aviz_20,Aviz_21,Aviz_22,Aviz_23,Aviz_24,Aviz_25,Aviz_26,Aviz_27,Aviz_28,Aviz_29,Aviz_30,Aviz_31,Aviz_32,Aviz_33,Aviz_34,Aviz_35,Aviz_36,Aviz_37,Aviz_38,Aviz_39,Aviz_40,Aviz_41,Aviz_42,Aviz_43,Aviz_44,Aviz_45,Aviz_46,Aviz_47,Aviz_48,Aviz_49,Aviz_50,Aviz_51,Aviz_52,Aviz_53,Aviz_54,Aviz_55,Aviz_56,Aviz_57,Aviz_58,Aviz_59,Aviz_60,Aviz_61,Aviz_62,Aviz_63,Aviz_64,Aviz_65,Aviz_66,Aviz_67,Aviz_68,Aviz_69,Aviz_70,Aviz_71,Aviz_72,Aviz_73,Aviz_74,Aviz_75,Aviz_76,Aviz_77,Aviz_78,Aviz_79,Aviz_80,Aviz_81,Aviz_82,Aviz_83,Aviz_84,Aviz_85,Aviz_86,Aviz_87,Aviz_88,Aviz_89,Aviz_90,Aviz_91,Aviz_92,Aviz_93,Aviz_94,Aviz_95,Aviz_96,Aviz_97,Aviz_98,Aviz_99,Aviz_100,Aviz_101,Aviz_102,Aviz_103,Aviz_104,Aviz_105,Aviz_106,Aviz_107,Aviz_108,Aviz_109,Aviz_110,Aviz_111,Aviz_112,Aviz_113,Aviz_114,Aviz_115,Aviz_116,Aviz_117,Aviz_118,Aviz_119,Aviz_120,Aviz_121,Aviz_122,Aviz_123,Aviz_124,Aviz_125,Aviz_126,Aviz_127,Aviz_128,Aviz_129,Aviz_130,Aviz_131,Aviz_132,Aviz_133,Aviz_134,Aviz_135,Aviz_136,Aviz_137,Aviz_138,Aviz_139,Aviz_140,Aviz_141,Aviz_142,Aviz_143,Aviz_144,Aviz_145,Aviz_146,Aviz_147,Aviz_148,Aviz_149,Aviz_150,Aviz_151,Aviz_152,Aviz_153,Aviz_154,Aviz_155,Aviz_156,Aviz_157,Aviz_158
0,4.33239805854975,4.56118489378909,4.95925610024588,4.78794904656859,4.92521408049851,0,0,0,4.90281846808225,0,4.57616851960781,0,4.22372950936488,0,0,0,3.90816320005555,0,4.50815249331495,0,0,0,0,0,0,0,0,0,0,0,0,0,0,0,0,0,0,0,0,0,0,0,0,0,0,0,0,0,0,0,0,0,0,0,0,0,0,0,0,0,0,0,0,0,0,0,0,0,0,0,0,0,0,0,0,0,0,4.61462306018531,3.82704601700473,4.19329160257952,4.35499150297848,4.4323277922616,4.69868327534698,0,0,0,0,0,4.20490642890257,0,0,0,0,0,0,0,0,0,0,0,0,0,0,0,0,0,0,0,0,0,0,0,0,0,0,0,0,0,0,0,0,0,0,0,0,0,0,0,0,0,0,0,0,0,0,0,0,0,0,0,0,0,0,0,0,0,0,0,0,0,0,0,0,0,0,0,0
4.33239805854975,0,0,0,4.96704693828516,4.91015464337028,4.4944328987264,3.77880220401324,4.77671570864459,4.27330227856766,0,0,0,4.70079022137435,0,0,0,0,0,0,0,0,0,3.93018465229862,0,0,0,0,0,0,0,0,0,0,0,0,0,0,0,0,0,0,0,0,0,0,0,0,0,0,0,0,0,0,0,0,0,0,0,0,0,0,0,0,0,0,0,0,0,0,0,0,0,0,0,0,0,0,4.00311571709981,4.54306179801462,0,4.29710365014926,0,4.67293791299253,3.88166990767206,4.41158603841936,0,4.43950637688873,0,0,0,0,0,0,0,0,0,0,0,0,0,0,0,0,0,0,0,0,0,0,0,0,0,0,0,0,0,0,0,0,0,0,0,0,0,0,0,0,0,0,0,0,0,0,0,0,0,0,0,0,0,0,0,0,0,0,0,0,0,0,0,0,0,0,0,0,0,0
4.56118489378909,0,0,4.68504272337555,0,0,0,0,0,4.91128548031276,0,5.02521981726804,4.55354322208026,0,0,0,0,4.10253660687407,0,4.54275075673258,4.60150591256321,0,3.81967551999429,0,0,0,0,0,0,0,4.28445329401085,0,0,0,0,0,0,0,0,0,0,0,0,0,0,0,3.98457231562163,0,0,0,0,0,0,0,0,0,0,0,0,0,0,0,0,0,0,0,0,0,0,0,0,0,0,0,0,0,0,0,4.11210205477089,0,4.44572871430711,0,4.04281169180715,4.09408662708319,0,0,0,0,0,4.3285834497142,0,0,0,0,0,0,4.03682843337711,0,0,0,0,0,0,0,0,0,0,0,0,0,0,0,0,0,0,0,0,0,0,0,0,0,0,0,0,0,0,0,0,0,0,0,0,0,0,0,0,0,0,0,0,0,0,0,0,0,0,0,0,0,0,0,0,0,0,0,0,0
4.95925610024588,0,4.68504272337555,0,4.88563822060209,4.71561063073492,0,4.47671572392606,0,4.76911135006584,4.41371876506108,5.03797201155678,0,0,0,0,0,4.33593906903173,0,4.42373724998233,3.9120625555885,0,0,0,0,0,0,0,0,0,4.12991535750442,0,0,0,0,0,0,0,0,0,0,0,0,0,0,0,0,0,0,0,0,0,0,0,0,0,0,0,0,0,0,0,0,0,0,0,0,0,0,0,0,0,0,0,0,0,0,0,4.411434502165,0,4.11958577496178,4.13369854611578,4.38758557071528,4.5331617369606,0,0,0,0,0,4.14516531735066,0,0,0,0,0,0,0,0,0,0,0,0,0,0,0,0,0,0,0,0,0,0,0,0,0,0,0,0,0,0,0,0,0,0,0,0,0,0,0,0,0,0,0,0,0,0,0,0,0,0,0,0,0,0,0,0,0,0,0,0,0,0,0,0,0,0,0,0
4.78794904656859,4.96704693828516,0,4.88563822060209,0,5.05173505129779,3.92100980149703,4.91030416806857,4.94960466097297,4.57734241361154,4.19434780728009,4.20606992374019,0,4.76180760185223,0,4.15679136800393,0,4.31580246973705,3.86278709823534,0,0,0,0,4.32487894311199,0,0,0,0,0,0,0,0,0,0,0,0,0,0,0,0,0,0,0,0,0,0,0,0,0,0,0,0,0,0,0,0,0,0,0,0,0,0,0,0,0,0,0,0,0,0,0,0,0,0,0,0,0,0,4.30308801052805,4.43543025158297,0,4.54291252600035,4.03096384237828,4.79068619090458,0,4.35856297666106,0,3.91376088641232,0,0,0,0,0,0,0,0,0,0,0,0,0,0,0,0,0,0,0,0,0,0,0,0,0,0,0,0,0,0,0,0,0,0,0,0,0,0,0,0,0,0,0,0,0,0,0,0,0,0,0,0,0,0,0,0,0,0,0,0,0,0,0,0,0,0,0,0,0,0
4.92521408049851,4.91015464337028,0,4.71561063073492,5.05173505129779,0,4.20224303762481,3.88980575186809,4.51454775266029,5.07917038854986,0,3.99056082999402,0,5.12725709882599,0,0,0,3.96113621738723,0,4.44156946263632,0,0,0,3.86658267706355,0,0,0,0,0,0,0,0,0,0,0,0,0,0,0,0,0,0,0,0,0,0,0,0,0,0,0,0,0,0,0,0,0,0,0,0,0,0,0,0,0,0,0,0,0,0,0,0,0,0,0,0,0,0,4.62252486240357,4.61914552634604,0,4.70212883828688,4.39731417390885,5.09528096297965,3.8694077493822,4.49405714522175,0,4.60550975211139,0,3.87737134586977,0,0,0,0,4.26646689544024,0,0,0,0,0,0,0,4.15712419550487,0,0,0,0,0,0,0,0,0,0,0,0,4.11431067686842,0,0,0,0,0,0,0,0,4.07736790528416,0,0,0,0,0,0,0,0,0,0,0,0,0,0,0,0,0,0,0,0,0,0,0,0,0,0,0,0,0,0,0,0,0
0,4.4944328987264,0,0,3.92100980149703,4.20224303762481,0,0,4.99660797678412,0,0,0,0,4.73923997015154,4.54992240412951,3.90848501887865,4.78349623722452,0,0,0,0,0,0,4.19242805533121,0,0,0,0,0,0,0,0,0,0,0,0,0,0,0,0,0,0,0,0,0,0,0,0,0,0,0,0,0,0,0,0,0,0,0,0,0,0,0,0,0,0,0,0,0,0,0,0,0,0,0,0,0,0,0,4.00216606175651,0,0,0,4.21790487420266,4.3591712057167,4.37981295586094,0,4.85690402252099,0,0,3.88879706745668,0,0,0,4.554598174224,0,0,0,0,0,0,0,0,0,0,0,0,0,0,0,0,0,0,0,0,0,0,0,0,0,0,0,0,0,0,0,0,0,0,0,0,0,0,0,0,0,0,0,0,0,0,0,0,0,0,0,0,0,0,0,0,0,0,0,0,0,0,0
0,3.77880220401324,0,4.47671572392606,4.91030416806857,3.88980575186809,0,0,4.58271091094667,0,4.67497130718204,4.38120536123858,0,0,0,4.71417043331956,0,4.64692300047849,4.79299368055968,0,0,0,0,4.71200957155855,0,0,0,0,0,0,4.16241503610645,0,0,0,4.12332886692635,0,0,0,0,0,0,0,0,0,0,0,0,0,0,0,0,0,0,0,0,0,0,0,0,0,0,0,0,0,0,0,0,0,0,0,0,0,0,0,0,0,0,0,0,0,0,0,0,0,0,0,0,0,0,0,0,0,0,0,0,0,0,0,0,0,0,0,0,0,0,0,0,0,0,0,0,0,0,0,0,0,0,0,0,0,0,0,0,0,0,0,0,0,0,0,0,0,0,0,0,0,0,0,0,0,0,0,0,0,0,0,0,0,0,0,0,0,0,0,0,0,0,0
0,4.77671570864459,0,0,4.94960466097297,4.51454775266029,4.99660797678412,4.58271091094667,0,0,0,0,0,4.74885446764594,3.93247376467715,4.73621318335188,4.85896406400924,0,0,0,0,0,0,4.43237593753984,0,0,0,0,0,0,0,0,0,0,0,0,0,0,0,0,0,0,0,0,0,0,0,0,0,0,0,0,0,0,0,0,0,0,0,0,0,0,0,0,0,0,0,0,0,0,0,0,0,0,0,0,0,0,0,4.30174599102526,0,0,0,4.48422863769372,4.16613397030511,4.50631557916451,0,4.57850168070681,0,0,0,0,0,0,4.08912762904428,0,0,0,0,0,0,0,0,0,0,0,0,0,0,0,0,0,0,0,0,0,0,0,0,0,0,0,0,0,0,0,0,0,0,0,0,0,0,0,0,0,0,0,0,0,0,0,0,0,0,0,0,0,0,0,0,0,0,0,0,0,0,0
4.90281846808225,4.27330227856766,4.91128548031276,4.76911135006584,4.57734241361154,5.07917038854986,0,0,0,0,0,4.83979218444533,4.74362733757089,4.92571937390974,0,0,0,0,0,5.153232366892,4.51518478171752,0,0,0,0,0,0,0,0,0,0,0,0,0,0,0,0,0,0,0,0,0,0,0,0,0,0,0,0,0,0,0,0,0,3.98918275125555,0,0,0,0,0,0,0,0,0,0,0,0,0,0,0,0,0,0,0,0,0,0,0,4.87797571190084,4.27049250363862,4.88392817466881,4.66982806133252,4.7529008265088,5.1634893581927,0,0,0,0,0,4.88732467180912,0,0,0,0,4.30487811769828,0,4.64554016135051,3.91871166538232,0,0,0,0,4.24922282399667,0,0,0,0,0,0,0,0,0,0,0,0,4.20240657263938,0,0,0,0,0,0,0,0,4.16746502884309,0,0,0,0,0,0,0,0,0,0,0,0,0,0,0,0,0,0,0,0,0,0,0,0,0,0,0,0,0,0,0,0,0
0,0,0,4.41371876506108,4.19434780728009,0,0,4.67497130718204,0,0,0,4.80215775318696,0,0,0,0,0,4.63777982937416,4.16016829295851,0,0,0,0,3.91513590662201,0,0,0,0,0,0,4.10178143132797,0,0,0,0,0,0,0,0,0,0,0,0,0,0,0,0,0,0,0,0,0,0,0,0,0,0,0,0,0,0,0,0,0,0,0,0,0,0,0,0,0,0,0,0,0,0,0,0,0,0,0,0,0,0,0,0,0,0,0,0,0,0,0,0,0,0,0,0,0,0,0,0,0,0,0,0,0,0,0,0,0,0,0,0,0,0,0,0,0,0,0,0,0,0,0,0,0,0,0,0,0,0,0,0,0,0,0,0,0,0,0,0,0,0,0,0,0,0,0,0,0,0,0,0,0,0,0
4.57616851960781,0,5.02521981726804,5.03797201155678,4.20606992374019,3.99056082999402,0,4.38120536123858,0,4.83979218444533,4.80215775318696,0,4.44619531301464,0,0,0,0,4.95111885915453,0,4.46707508351521,4.86317410366005,4.29090233289374,4.11038766587509,3.97703733522468,0,0,0,0,0,0,4.73946949387049,0,0,0,4.54943243709754,0,0,0,0,4.12447161891949,0,0,0,0,4.3372994914068,0,4.4173388103194,0,0,0,0,0,0,0,0,0,0,0,0,0,4.18596689276784,0,0,0,0,0,0,3.92885653358191,3.97877378433012,0,3.91275330367132,0,0,0,0,0,0,0,4.06126394230025,0,4.25837384896812,0,4.06877936300956,4.07561994592878,0,0,0,0,0,4.28762260248619,0,0,0,0,0,0,3.91450182282731,0,0,0,0,0,0,0,0,0,0,0,0,0,0,0,0,0,0,0,0,0,0,0,0,0,0,0,0,0,0,0,0,0,0,0,0,0,0,0,0,0,0,0,0,0,0,0,0,0,0,0,0,0,0,0,0,0,0,0,0,0
0,0,4.55354322208026,0,0,0,0,0,0,4.74362733757089,0,4.44619531301464,0,0,0,0,0,0,0,4.7170960558366,4.71357453777207,0,3.77107278322119,0,0,0,0,0,0,0,0,0,0,0,0,0,0,0,0,0,0,0,0,0,0,0,0,0,0,0,0,0,0,0,0,0,0,0,0,0,0,0,0,0,0,0,0,0,0,0,0,0,0,0,0,0,0,0,0,0,4.50392680419351,0,0,0,0,0,0,0,0,4.54489861335298,0,0,0,0,0,0,4.71374247840908,3.96454246607914,3.89431606268444,0,0,0,0,0,0,0,0,0,0,0,0,0,0,0,0,0,0,0,0,0,0,0,0,0,0,0,0,0,0,0,0,0,0,0,0,0,0,0,0,0,0,0,0,0,0,0,0,0,0,0,0,0,0,0,0,0,0,0
4.22372950936488,4.70079022137435,0,0,4.76180760185223,5.12725709882599,4.73923997015154,0,4.74885446764594,4.92571937390974,0,0,0,0,4.59078612386088,0,4.49068871671319,0,0,4.26121527226859,0,0,0,4.29116897571526,0,0,0,0,0,0,0,0,0,0,0,0,0,0,0,0,0,0,0,0,0,0,0,0,0,0,4.25548959807554,0,0,0,4.42824821434295,0,0,0,0,0,0,0,0,0,0,0,0,0,0,0,0,0,0,0,0,0,0,0,4.25270743300728,4.76687366860107,0,4.60419364183912,0,5.20108563169064,4.67418116277987,4.91053903148969,0,5.08620317162631,0,0,4.47964727876939,0,0,4.35470374462581,5.22558063098924,0,0,0,0,0,0,0,4.80775820619625,4.19086373312875,0,0,0,0,0,0,0,0,0,0,0,4.69366540485922,0,0,0,0,0,0,0,0,4.65128770796321,0,0,0,0,0,0,4.06710806905957,0,0,0,0,0,0,0,0,0,0,0,0,0,0,0,0,0,0,0,0,0,0,0,0,0,0
0,0,0,0,0,0,4.54992240412951,0,3.93247376467715,0,0,0,0,4.59078612386088,0,3.9610887197679,5.10196004591066,0,0,0,0,0,0,4.29536914851001,0,4.6444681323053,0,0,0,0,0,0,0,0,0,0,0,0,0,0,0,0,0,0,0,0,0,0,0,0,0,0,0,0,0,0,0,0,0,0,0,0,0,0,0,0,0,0,0,0,0,0,0,0,0,0,0,0,0,0,0,0,0,0,4.16106838547117,0,0,4.52707540274171,0,0,4.6716633461617,0,0,4.89622850249912,5.19866808161226,0,0,0,0,4.30610320872759,0,0,4.97392179394886,0,0,0,0,0,0,4.43089704902726,0,0,0,0,0,0,0,0,0,0,0,0,0,0,0,0,0,0,0,0,0,0,0,0,0,0,0,0,0,0,0,0,0,0,0,0,0,0,0,0,0,0,0,0,0,0,0,0
0,0,0,0,4.15679136800393,0,3.90848501887865,4.71417043331956,4.73621318335188,0,0,0,0,0,3.9610887197679,0,4.85922238490383,0,4.82374150537387,0,0,0,0,4.80249322411637,4.7340233243131,0,4.94440863837179,0,3.79267178914157,0,0,0,0,0,0,0,0,0,0,0,0,0,0,0,0,0,0,0,0,0,0,0,0,0,0,0,0,0,0,0,0,0,0,0,0,0,0,0,0,0,0,0,0,0,0,0,0,0,0,0,0,0,0,0,0,0,0,0,0,0,0,0,0,0,0,0,0,0,0,0,0,0,0,0,0,0,0,0,0,0,0,0,0,0,0,0,0,0,0,0,0,0,0,0,0,0,0,0,0,0,0,0,0,0,0,0,0,0,0,0,0,0,0,0,0,0,0,0,0,0,0,0,0,0,0,0,0,0
0,0,0,0,0,0,4.78349623722452,0,4.85896406400924,0,0,0,0,4.49068871671319,5.10196004591066,4.85922238490383,0,0,4.02333478253831,0,0,0,0,4.69252085581355,4.8215724784058,4.94319763006893,4.28943286385079,0,0,0,0,4.83140260856939,0,0,0,0,0,0,0,0,0,0,0,0,0,0,0,0,0,0,0,0,0,0,0,0,0,0,0,0,0,0,0,0,0,0,0,0,0,0,0,0,0,0,0,0,0,0,0,0,0,0,0,0,3.92556990954338,0,0,4.22256040916522,0,0,4.47148240662766,0,0,4.60460400566297,5.01931572919318,0,0,0,0,4.23118914548267,0,0,4.81026613081828,0,0,0,0,0,0,4.34468694370562,0,0,0,0,0,0,0,0,0,0,0,0,0,0,0,0,0,0,0,0,0,0,0,0,0,0,0,0,0,0,0,0,0,0,0,0,0,0,0,0,0,0,0,0,0,0,0,0
3.90816320005555,0,4.10253660687407,4.33593906903173,4.31580246973705,3.96113621738723,0,4.64692300047849,0,0,4.63777982937416,4.95111885915453,0,0,0,0,0,0,4.62947076303239,0,4.53736568161789,4.62227620865457,4.0907516896449,4.91470800162466,0,0,0,0,0,0,4.97088592228681,0,0,0,4.6996990068748,0,0,0,0,4.09443618801796,0,0,0,0,4.51251096391834,0,4.4341535710666,0,0,0,0,0,0,0,0,0,0,0,0,0,4.23159700556491,0,0,0,0,0,0,4.00371896382311,4.04218159451577,3.73782850589578,3.96628256216746,0,0,0,0,0,0,0,0,0,0,0,0,0,0,0,0,0,0,0,0,0,0,0,0,0,0,0,0,0,0,0,0,0,0,0,0,0,0,0,0,0,0,0,0,0,0,0,0,0,0,0,0,0,0,0,0,0,0,0,0,0,0,0,0,0,0,0,0,0,0,0,0,0,0,0,0,0,0,0,0,0,0,0,0,0,0,0
0,0,0,0,3.86278709823534,0,0,4.79299368055968,0,0,4.16016829295851,0,0,0,0,4.82374150537387,4.02333478253831,4.62947076303239,0,0,0,0,0,5.06877936300956,0,0,4.65273935768551,0,4.48505386006069,0,4.18449268852842,0,0,0,4.47642582705801,3.91270020819086,0,0,0,0,0,0,0,0,4.28096514809709,0,0,0,0,0,0,0,0,0,0,0,0,0,0,0,0,0,0,0,0,0,0,0,0,0,0,0,0,0,0,0,0,0,0,0,0,0,0,0,0,0,0,0,0,0,0,0,0,0,0,0,0,0,0,0,0,0,0,0,0,0,0,0,0,0,0,0,0,0,0,0,0,0,0,0,0,0,0,0,0,0,0,0,0,0,0,0,0,0,0,0,0,0,0,0,0,0,0,0,0,0,0,0,0,0,0,0,0,0,0,0,0,0
4.50815249331495,0,4.54275075673258,4.42373724998233,0,4.44156946263632,0,0,0,5.153232366892,0,4.46707508351521,4.7170960558366,4.26121527226859,0,0,0,0,0,0,4.63940679489605,0,0,0,0,0,0,0,0,0,0,0,0,0,0,0,0,0,0,0,0,0,0,0,0,0,0,0,0,0,0,0,0,0,0,0,0,0,0,0,0,0,0,0,0,0,0,0,0,0,0,0,0,0,0,0,0,0,4.52953301232324,0,4.57315020446508,3.96051834278071,4.45458572986754,4.6625878571045,0,0,0,0,0,4.64260299754183,0,0,0,0,0,0,4.74778456620863,0,0,0,0,0,0,0,0,0,0,0,0,0,0,0,0,0,0,0,0,0,0,0,0,0,0,0,0,0,0,0,0,0,0,0,0,0,0,0,0,0,0,0,0,0,0,0,0,0,0,0,0,0,0,0,0,0,0,0,0,0
0,0,4.60150591256321,3.9120625555885,0,0,0,0,0,4.51518478171752,0,4.86317410366005,4.71357453777207,0,0,0,0,4.53736568161789,0,4.63940679489605,0,4.44010583903666,4.55978696820056,0,0,0,0,3.81551133736276,0,0,4.65910767919981,0,3.87198135384337,0,4.16423385469261,0,0,0,0,4.00086772153123,0,0,0,0,0,0,4.18358299235102,0,0,0,0,0,0,0,0,0,0,0,0,0,3.96801571399364,0,0,0,0,0,0,0,0,0,0,0,0,0,0,0,0,0,0,0,0,0,0,0,0,0,0,0,0,3.86905561870191,0,0,0,0,0,0,4.06314563710664,0,0,0,0,0,0,0,0,0,0,0,0,0,0,0,0,0,0,0,0,0,0,0,0,0,0,0,0,0,0,0,0,0,0,0,0,0,0,0,0,0,0,0,0,0,0,0,0,0,0,0,0,0,0,0,0,0,0,0,0,0
0,0,0,0,0,0,0,0,0,0,0,4.29090233289374,0,0,0,0,0,4.62227620865457,0,0,4.44010583903666,0,4.73336581250928,3.91190299604403,0,0,0,4.59487851139464,0,4.48863531108213,4.99176196566836,0,4.03096384237828,0,4.20186121627726,0,0,0,3.89353984356466,4.17073096933786,0,0,0,0,0,0,4.14525857696561,0,0,0,0,0,0,0,0,0,0,0,0,0,3.98434725758586,0,0,0,0,0,0,0,0,0,0,0,0,0,0,0,0,0,0,0,0,0,0,0,0,0,0,0,0,0,0,0,0,0,0,0,0,0,0,0,0,0,0,0,0,0,0,0,0,0,0,0,0,0,0,0,0,0,0,0,0,0,0,0,0,0,0,0,0,0,0,0,0,0,0,0,0,0,0,0,0,0,0,0,0,0,0,0,0,0,0,0,0,0,0,0,0,0
0,0,3.81967551999429,0,0,0,0,0,0,0,0,4.11038766587509,3.77107278322119,0,0,0,0,4.0907516896449,0,0,4.55978696820056,4.73336581250928,0,0,0,0,0,4.57232548784148,0,0,4.71909086663274,0,4.68622501398386,0,0,0,0,0,0,4.28284860283464,0,0,0,0,0,0,4.32522822787085,0,0,0,0,0,0,0,0,0,0,0,0,0,0,0,0,0,0,0,0,0,0,0,0,0,0,0,0,0,0,0,0,0,0,0,0,0,0,0,0,0,0,0,0,0,0,0,0,0,0,0,0,0,0,0,0,0,0,0,0,0,0,0,0,0,0,0,0,0,0,0,0,0,0,0,0,0,0,0,0,0,0,0,0,0,0,0,0,0,0,0,0,0,0,0,0,0,0,0,0,0,0,0,0,0,0,0,0,0,0,0
0,3.93018465229862,0,0,4.32487894311199,3.86658267706355,4.19242805533121,4.71200957155855,4.43237593753984,0,3.91513590662201,3.97703733522468,0,4.29116897571526,4.29536914851001,4.80249322411637,4.69252085581355,4.91470800162466,5.06877936300956,0,0,3.91190299604403,0,0,3.81941231120933,4.3478761996098,4.71479063859809,0,4.58723938172999,0,4.9038601763563,4.34258057738163,0,0,4.99536312699296,4.22569687165065,0,0,0,0,0,0,0,0,4.69686291576596,0,4.07623981977503,0,0,0,0,0,4.12881914219451,0,0,0,0,0,0,0,0,3.82749850813346,0,0,0,0,0,0,0,0,0,0,0,0,0,0,0,0,0,0,0,0,0,0,0,0,0,0,0,0,0,0,0,0,4.38683770795401,0,0,0,0,0,0,0,4.02787940920721,3.90222052827931,0,0,0,0,0,0,0,0,0,0,0,0,0,0,0,0,0,0,0,0,0,0,0,0,0,0,0,0,0,0,0,0,0,0,0,0,0,0,0,0,0,0,0,0,0,0,0,0,0,0,0,0,0,0
0,0,0,0,0,0,0,0,0,0,0,0,0,0,0,4.7340233243131,4.8215724784058,0,0,0,0,0,0,3.81941231120933,0,0,4.97836314708388,0,0,0,0,4.87628713737373,0,0,0,4.69311111546214,0,0,0,0,0,0,0,0,0,0,0,0,0,0,0,0,0,0,0,0,0,0,0,0,0,0,0,0,0,0,0,0,0,0,0,0,0,0,0,0,0,0,0,0,0,0,0,0,0,0,0,0,0,0,0,0,0,0,0,0,0,0,0,0,0,0,0,0,0,0,0,0,0,0,0,0,0,0,0,0,0,0,0,0,0,0,0,0,0,0,0,0,0,0,0,0,0,0,0,0,0,0,0,0,0,0,0,0,0,0,0,0,0,0,0,0,0,0,0,0,0,0
0,0,0,0,0,0,0,0,0,0,0,0,0,0,4.6444681323053,0,4.94319763006893,0,0,0,0,0,0,4.3478761996098,0,0,4.01990519980461,0,0,0,0,5.19875053267508,0,0,0,0,4.62766279609375,0,0,0,4.02885580939044,0,0,0,0,0,0,0,0,0,0,0,0,0,0,0,0,0,0,0,0,0,0,0,0,0,0,0,0,0,0,0,0,0,0,0,0,0,0,0,0,0,0,0,0,0,0,0,0,0,0,0,0,4.52609362473876,4.34984067628594,0,0,0,0,4.64361057304561,0,0,5.10786092327746,0,0,0,0,0,4.76863070264146,5.24002978111253,0,0,0,0,0,4.66327678663996,0,0,0,0,0,0,0,0,0,0,0,0,0,0,0,0,0,0,0,0,0,0,0,0,0,0,0,0,0,0,0,0,0,0,0,0,0,0,0,0,0,0
0,0,0,0,0,0,0,0,0,0,0,0,0,0,0,4.94440863837179,4.28943286385079,0,4.65273935768551,0,0,0,0,4.71479063859809,4.97836314708388,4.01990519980461,0,0,4.79950596346507,0,0,4.44737512431445,0,4.57676737184289,4.8493579816613,5.04072098360119,0,0,0,0,0,0,3.88592633980143,3.87685264760134,4.75319991419942,0,0,4.37062410084154,0,0,0,0,4.48191536510837,0,0,3.90789483541628,0,4.37874301881302,0,3.98645821273731,0,4.21245396104028,0,0,0,0,0,0,0,0,0,0,0,0,0,0,0,0,0,0,0,0,0,0,0,0,0,0,0,0,0,0,0,0,0,0,0,0,0,0,0,0,0,0,0,0,0,0,0,0,0,0,0,0,0,0,0,0,0,0,0,0,0,0,0,0,0,0,0,0,0,0,0,0,0,0,0,0,0,0,0,0,0,0,0,0,0,0,0,0,0,0,0,0,0,0,0,0
0,0,0,0,0,0,0,0,0,0,0,0,0,0,0,0,0,0,0,0,3.81551133736276,4.59487851139464,4.57232548784148,0,0,0,0,0,0,4.52443507053505,4.72213189074753,0,4.63669847310262,0,0,0,0,4.31092685537169,4.18892848376085,4.7039874112122,0,0,0,0,0,0,4.47659978839897,4.02395170742339,3.83550032786732,0,0,0,0,4.3544349980319,0,0,0,0,0,4.02534683450983,4.33935204904559,0,0,0,0,0,0,3.99860802931509,3.88121341625502,0,3.98036702618478,0,0,0,0,0,0,0,0,0,0,0,0,0,0,0,0,0,0,0,0,0,0,0,0,0,0,0,0,0,0,0,0,0,0,0,0,0,0,0,0,0,0,0,0,0,0,0,0,0,0,0,0,0,0,0,0,0,0,0,0,0,0,0,0,0,0,0,0,0,0,0,0,0,0,0,0,0,0,0,0,0,0,0,0,0,0,0
0,0,0,0,0,0,0,0,0,0,0,0,0,0,0,3.79267178914157,0,0,4.48505386006069,0,0,0,0,4.58723938172999,0,0,4.79950596346507,0,0,3.87995558512275,4.59454723332785,0,0,4.50789633202987,5.04060234011407,4.44932409309873,0,0,4.29525913648168,0,0,4.34214622363347,0,3.83244504117411,4.71603674961781,0,0,4.09447112864165,0,0,0,0,4.08724886779566,0,0,0,0,3.94041686468167,0,0,0,0,0,0,0,0,0,0,0,0,0,0,0,0,0,0,0,0,0,0,0,0,0,0,0,0,0,0,0,0,0,0,0,0,0,0,0,0,0,0,0,0,0,0,0,0,0,0,0,0,0,0,0,0,0,0,0,0,0,0,0,0,0,0,0,0,0,0,0,0,0,0,0,0,0,0,0,0,0,0,0,0,0,0,0,0,0,0,0,0,0,0,0,0,0,0,0,0
0,0,0,0,0,0,0,0,0,0,0,0,0,0,0,0,0,0,0,0,0,4.48863531108213,0,0,0,0,0,4.52443507053505,3.87995558512275,0,4.8002701848037,0,3.73086299204649,0,4.44734411767595,0,0,4.27286227558891,4.74916409192876,4.45990489411998,0,0,0,0,4.26500660566059,0,4.21769446020538,4.16722869417599,3.67449371729635,0,0,0,0,4.10917342142547,0,0,0,0,0,3.91740046795525,4.25633281842567,0,0,0,0,0,0,4.05034108183408,3.98574074105007,3.74012573696573,4.04481404752864,0,0,0,0,0,0,0,0,0,0,0,0,0,0,0,0,0,0,0,0,0,0,0,0,0,0,0,0,0,0,0,0,0,0,0,0,0,0,0,0,0,0,0,0,0,0,0,0,0,0,0,0,0,0,0,0,0,0,0,0,0,0,0,0,0,0,0,0,0,0,0,0,0,0,0,0,0,0,0,0,0,0,0,0,0,0,0
0,0,4.28445329401085,4.12991535750442,0,0,0,4.16241503610645,0,0,4.10178143132797,4.73946949387049,0,0,0,0,0,4.97088592228681,4.18449268852842,0,4.65910767919981,4.99176196566836,4.71909086663274,4.9038601763563,0,0,0,4.72213189074753,4.59454723332785,4.8002701848037,0,0,4.57196490853884,0,5.29281409132576,0,0,0,4.7770496417353,4.99224414404677,0,0,0,0,5.04565541936359,0,5.08814672435355,4.24107308075299,0,0,0,0,4.21359743674736,4.52117732540837,4.30109513495094,0,0,0,4.0234170898411,4.30781682666243,4.85574321077474,4.23540218015803,0,0,0,0,0,4.54667835930236,4.56048051938048,4.29981226549572,4.53322535214212,0,4.13858687065358,3.98806820339264,4.03722723458227,0,3.9977357765979,0,0,0,0,0,0,0,0,0,0,0,0,0,0,0,0,0,0,0,0,0,0,0,0,0,0,0,0,0,0,0,0,0,0,0,0,0,0,0,0,0,0,0,0,0,0,0,0,0,0,0,4.11038766587509,0,0,0,0,0,0,0,0,0,0,0,0,0,0,0,0,0,0,0,0,0,0,0,0,0,4.18641948915548,0,0,0
0,0,0,0,0,0,0,0,0,0,0,0,0,0,0,0,4.83140260856939,0,0,0,0,0,0,4.34258057738163,4.87628713737373,5.19875053267508,4.44737512431445,0,0,0,0,0,0,0,4.35757278405168,4.84797345626457,5.19365600545071,0,0,0,4.18466304462968,0,4.75070891083753,0,0,4.57305735690045,0,0,0,0,0,0,0,0,0,0,0,0,0,0,0,0,0,0,0,0,0,0,0,0,0,0,0,0,0,0,0,0,0,0,0,0,0,0,0,0,0,0,0,0,0,0,0,0,0,0,0,0,0,4.22850301665926,0,0,4.70541037324621,0,0,0,0,0,4.56407397897715,5.02837195201039,0,4.1475217435376,0,0,0,4.68484536164441,0,0,0,0,0,0,0,0,0,0,0,0,0,0,0,0,0,0,0,0,0,0,0,0,0,0,0,0,0,0,0,0,0,0,0,0,0,0,0,0,0,0
0,0,0,0,0,0,0,0,0,0,0,0,0,0,0,0,0,0,0,0,3.87198135384337,4.03096384237828,4.68622501398386,0,0,0,0,4.63669847310262,0,3.73086299204649,4.57196490853884,0,0,0,0,0,0,3.92381372109119,3.73183042028816,4.92371537131745,0,0,0,0,0,0,4.84026923803762,0,3.76537048029165,0,0,0,0,4.38201704257487,0,0,0,0,0,3.96435392929219,4.25753458598068,0,0,0,0,0,0,3.91949648786306,0,0,0,0,0,0,0,0,0,0,0,0,0,0,0,0,0,0,0,0,0,0,0,0,0,0,0,0,0,0,0,0,0,0,0,0,0,0,0,0,0,0,0,0,0,0,0,0,0,0,0,0,0,0,0,0,0,0,0,0,0,0,0,0,0,0,0,0,0,0,0,0,0,0,0,0,0,0,0,0,0,0,0,0,0,0,0,0,0,0
0,0,0,0,0,0,0,0,0,0,0,0,0,0,0,0,0,0,0,0,0,0,0,0,0,0,4.57676737184289,0,4.50789633202987,0,0,0,0,0,4.59924971901707,4.87247094934937,0,0,0,0,0,4.3505581179417,0,4.52163488349066,4.50182579327235,0,0,0,0,4.29556709996248,0,0,4.32522822787085,0,0,3.74382322160375,0,3.83454785768095,0,0,0,0,0,0,0,0,0,0,0,0,0,0,0,0,0,0,0,0,0,0,0,0,0,0,0,0,0,0,0,0,0,0,0,0,0,0,0,0,0,0,0,0,0,0,0,0,0,0,0,0,0,0,0,0,0,0,0,0,0,0,0,0,0,0,0,0,0,0,0,0,0,0,0,0,0,0,0,0,0,0,0,0,0,0,0,0,0,0,0,0,0,0,0,0,0,0,0,0
0,0,0,0,0,0,0,4.12332886692635,0,0,0,4.54943243709754,0,0,0,0,0,4.6996990068748,4.47642582705801,0,4.16423385469261,4.20186121627726,0,4.99536312699296,0,0,4.8493579816613,0,5.04060234011407,4.44734411767595,5.29281409132576,4.35757278405168,0,4.59924971901707,0,4.94189388060947,4.2498096094018,0,4.76393686815625,4.44703392947485,0,4.68522206533462,4.35787769922987,0,5.48572284574227,4.49616827417498,4.95269559958692,4.51609887705235,0,0,0,0,4.75842739146148,0,4.41227570193583,0,4.19542914245706,4.30137729234935,0,4.17073096933786,4.60965842826303,4.59887801320748,0,4.26885867499414,0,0,0,4.54041707579318,4.52343428674644,4.52527809662657,4.41652401426865,0,4.46351972340049,0,4.25760658639231,0,0,0,0,0,0,0,0,0,0,0,0,0,0,0,0,0,0,0,0,0,0,0,0,0,0,0,0,0,0,0,0,0,0,0,0,0,0,0,0,0,0,0,0,0,0,0,0,0,0,0,0,0,0,0,0,0,0,0,0,0,0,0,0,0,0,0,0,0,0,0,0,0,0,0,0,0,0,0,4.12616388880584,0,0,0
0,0,0,0,0,0,0,0,0,0,0,0,0,0,0,0,0,0,3.91270020819086,0,0,0,0,4.22569687165065,4.69311111546214,0,5.04072098360119,0,4.44932409309873,0,0,4.84797345626457,0,4.87247094934937,4.94189388060947,0,4.17029105862539,0,0,0,0,0,5.12525674086145,4.83785347897607,4.90998903809696,4.56135186591029,0,4.26543106682671,0,4.03470865134107,0,0,5.06861252274128,0,0,4.28874093879429,0,4.39157019541822,0,4.04520558603506,0,4.44588430291691,0,0,3.9411137270371,0,0,0,0,0,0,0,0,0,0,0,0,0,0,0,0,0,0,0,0,0,0,0,0,0,0,0,0,0,0,0,0,0,0,0,0,0,0,0,0,0,0,0,0,0,0,0,0,0,0,0,0,0,0,0,0,0,0,0,0,0,0,0,0,0,0,0,0,0,0,0,0,0,0,0,0,0,0,0,0,0,0,0,0,0,0,0,0,0,0,0,0,0
0,0,0,0,0,0,0,0,0,0,0,0,0,0,0,0,0,0,0,0,0,0,0,0,0,4.62766279609375,0,0,0,0,0,5.19365600545071,0,0,4.2498096094018,4.17029105862539,0,0,0,0,4.83087724711041,0,4.71466499286254,0,0,5.13760410692608,0,0,0,0,4.75048525243288,0,0,0,0,0,0,0,0,0,0,0,0,0,0,0,0,0,0,0,0,0,0,0,0,0,0,0,0,0,0,0,0,0,0,0,0,0,0,0,0,0,0,0,0,0,0,0,0,0,0,0,4.06896466594445,0,0,0,0,0,4.41200669524106,4.79959553642236,0,4.28976727095278,0,0,0,4.84039469141012,0,0,0,0,4.3038869217251,0,0,0,4.51462743241134,0,0,0,0,0,0,4.13792351204042,0,0,0,0,0,0,0,0,0,0,0,0,0,0,0,0,0,0,0,0,0,0,0,0,0,0
0,0,0,0,0,0,0,0,0,0,0,0,0,0,0,0,0,0,0,0,0,0,0,0,0,0,0,4.31092685537169,0,4.27286227558891,0,0,3.92381372109119,0,0,0,0,0,4.48492591104959,4.66279559477728,0,0,0,0,0,0,0,4.41185530571895,4.64035222259514,0,0,0,0,4.3626144018194,0,0,0,0,0,4.18743610977371,4.05161552300499,0,0,0,0,0,0,3.99002789877029,0,0,0,0,0,0,0,0,0,0,0,0,0,0,0,0,0,0,0,0,0,0,0,0,0,0,0,0,0,0,0,0,0,0,0,0,0,0,0,0,0,0,0,0,0,0,0,0,0,0,0,0,0,0,0,0,0,0,0,0,0,0,0,0,0,0,0,0,0,0,0,0,0,0,0,0,0,0,0,0,0,0,0,0,0,0,0,0,0,0
0,0,0,0,0,0,0,0,0,0,0,0,0,0,0,0,0,0,0,0,0,3.89353984356466,0,0,0,0,0,4.18892848376085,4.29525913648168,4.74916409192876,4.7770496417353,0,3.73183042028816,0,4.76393686815625,0,0,4.48492591104959,0,4.59576068614831,0,4.39936216351167,0,0,4.8066479455016,0,4.13668886567226,4.92479599579791,4.42221217103422,0,0,0,0,4.24209398388388,0,0,0,3.97529391535621,0,4.1757147073087,4.33346742690537,4.09750025223169,0,0,0,0,0,4.22185743541914,4.10765082614649,4.04103720786703,4.18985511378961,0,3.9006947744524,0,3.73423960443546,0,0,0,0,0,0,0,0,0,0,0,0,0,0,0,0,0,0,0,0,0,0,0,0,0,0,0,0,0,0,0,0,0,0,0,0,0,0,0,0,0,0,0,0,0,0,0,0,0,0,0,0,0,0,0,0,0,0,0,0,0,0,0,0,0,0,0,0,0,0,0,0,0,0,0,0,0,0,0,3.76492298464989,0,0,0
0,0,0,0,0,0,0,0,0,0,0,4.12447161891949,0,0,0,0,0,4.09443618801796,0,0,4.00086772153123,4.17073096933786,4.28284860283464,0,0,0,0,4.7039874112122,0,4.45990489411998,4.99224414404677,0,4.92371537131745,0,4.44703392947485,0,0,4.66279559477728,4.59576068614831,0,0,0,0,0,4.1285931069187,0,5.26284249029774,4.58281306717043,4.68490816828812,0,0,0,0,5.03341169158379,4.06792594968152,0,0,0,4.28339169729713,4.62228657207032,4.91635918305181,0,0,0,0,0,0,4.50759953534207,4.4202033743533,0,4.50274111880621,0,0,0,0,0,0,0,0,0,0,0,0,0,0,0,0,0,0,0,0,0,0,0,0,0,0,0,0,0,0,0,0,0,0,0,0,0,0,0,0,0,0,0,0,0,0,0,0,0,0,0,0,0,0,0,0,0,0,0,0,0,0,0,0,0,0,0,0,0,0,0,0,0,0,0,0,0,0,0,0,0,0,0,4.0200296335427,0,0,0
0,0,0,0,0,0,0,0,0,0,0,0,0,0,0,0,0,0,0,0,0,0,0,0,0,4.02885580939044,0,0,0,0,0,4.18466304462968,0,0,0,0,4.83087724711041,0,0,0,0,0,0,0,0,4.7761270711703,0,0,0,0,4.99229719520713,4.48261635940084,0,0,0,0,0,0,0,0,0,0,0,0,0,0,0,0,0,0,0,0,0,0,0,0,0,0,0,0,0,0,0,0,0,0,0,0,0,0,0,0,0,0,0,0,0,0,0,0,0,0,4.02440356268297,0,0,0,0,0,4.5059228772069,4.87985823728254,0,4.36530074863799,0,0,0,5.10162336486237,0,0,0,0,4.87043902201141,4.04024621505771,0,0,4.81977418217682,0,0,0,0,0,0,4.87059701217761,0,4.3611799018136,0,0,0,0,0,0,0,0,0,0,0,0,0,0,0,0,0,0,0,0,0,0,0,0
0,0,0,0,0,0,0,0,0,0,0,0,0,0,0,0,0,0,0,0,0,0,0,0,0,0,0,0,4.34214622363347,0,0,0,0,4.3505581179417,4.68522206533462,0,0,0,4.39936216351167,0,0,0,0,0,4.98579010518982,0,0,4.47234682032055,0,4.44246409028028,0,0,0,0,0,0,0,0,0,0,0,0,0,0,0,0,0,0,0,0,0,0,0,0,0,0,0,0,0,0,0,0,0,0,0,0,0,0,0,0,0,0,0,0,0,0,0,0,0,0,0,0,0,0,0,0,0,0,0,0,0,0,0,0,0,0,0,0,0,0,0,0,0,0,0,0,0,0,0,0,0,0,0,0,0,0,0,0,0,0,0,0,0,0,0,0,0,0,0,0,0,0,0,0,0,0,0,0
0,0,0,0,0,0,0,0,0,0,0,0,0,0,0,0,0,0,0,0,0,0,0,0,0,0,3.88592633980143,0,0,0,0,4.75070891083753,0,0,4.35787769922987,5.12525674086145,4.71466499286254,0,0,0,0,0,0,4.28248616218611,0,4.98546240181978,0,0,0,0,0,0,4.85548886908305,0,0,0,4.01207759953101,0,0,0,0,0,0,0,0,0,0,0,0,0,0,0,0,0,0,0,0,0,0,0,0,0,0,0,0,0,0,0,0,0,0,0,0,0,0,0,0,0,0,0,0,0,0,0,0,0,0,0,0,0,0,0,0,0,0,0,0,0,0,0,0,0,0,0,0,0,0,0,0,0,0,0,0,0,0,0,0,0,0,0,0,0,0,0,0,0,0,0,0,0,0,0,0,0,0,0,0,0
0,0,0,0,0,0,0,0,0,0,0,0,0,0,0,0,0,0,0,0,0,0,0,0,0,0,3.87685264760134,0,3.83244504117411,0,0,0,0,4.52163488349066,0,4.83785347897607,0,0,0,0,0,0,4.28248616218611,0,4.37226744409565,0,0,0,0,4.51716949626712,0,0,4.82144146753529,0,0,4.38619565612057,0,0,0,0,0,0,0,0,0,0,0,0,0,0,0,0,0,0,0,0,0,0,0,0,0,0,0,0,0,0,0,0,0,0,0,0,0,0,0,0,0,0,0,0,0,0,0,0,0,0,0,0,0,0,0,0,0,0,0,0,0,0,0,0,0,0,0,0,0,0,0,0,0,0,0,0,0,0,0,0,0,0,0,0,0,0,0,0,0,0,0,0,0,0,0,0,0,0,0,0,0,0
0,0,0,0,0,0,0,0,0,0,0,4.3372994914068,0,0,0,0,0,4.51251096391834,4.28096514809709,0,0,0,0,4.69686291576596,0,0,4.75319991419942,0,4.71603674961781,4.26500660566059,5.04565541936359,0,0,4.50182579327235,5.48572284574227,4.90998903809696,0,0,4.8066479455016,4.1285931069187,0,4.98579010518982,0,4.37226744409565,0,4.44754562126701,4.79104469080074,5.0371355427275,0,4.96060870239925,4.34131579459647,0,4.97434586467324,0,4.58487375345983,4.5221050122757,4.45421963566,4.90819539267125,0,4.26836732542148,0,4.91333692593262,4.33459447193228,4.5134306984441,4.12952877385878,4.22881084501136,0,4.31931430409051,0,4.63213322204048,0,4.23289450915601,4.63942671986024,0,4.31145716838103,0,0,0,0,0,0,0,0,0,0,0,0,0,0,0,0,0,0,0,0,0,0,0,0,0,0,0,0,0,0,0,0,0,0,0,0,0,0,0,0,0,0,0,0,0,0,0,4.15390628513887,0,4.33599917760813,0,0,0,0,0,0,4.21418130866382,0,0,0,0,0,0,0,0,0,0,0,0,0,0,0,0,0,0,0,0,0,0,0,0,0,0
0,0,0,0,0,0,0,0,0,0,0,0,0,0,0,0,0,0,0,0,0,0,0,0,0,0,0,0,0,0,0,4.57305735690045,0,0,4.49616827417498,4.56135186591029,5.13760410692608,0,0,0,4.7761270711703,0,4.98546240181978,0,4.44754562126701,0,4.11783451854375,0,0,0,4.99793218625614,4.8727446490755,4.80716957993013,0,0,0,4.72171171336783,0,0,0,0,0,0,0,0,0,0,0,0,0,0,0,0,0,0,0,0,0,0,0,0,0,0,0,0,0,0,0,0,0,0,0,0,0,0,0,0,0,0,0,0,0,0,0,0,0,0,0,0,0,0,0,0,0,0,4.42295078122702,0,0,0,0,4.41785350516848,0,0,0,4.66174644821243,0,0,0,0,0,0,4.52494108253626,0,4.14345199902163,0,0,0,0,0,0,0,0,0,0,0,0,0,0,0,0,0,0,0,0,0,0,0,0
0,0,3.98457231562163,0,0,0,0,0,0,0,0,4.4173388103194,0,0,0,0,0,4.4341535710666,0,0,4.18358299235102,4.14525857696561,4.32522822787085,4.07623981977503,0,0,0,4.47659978839897,0,4.21769446020538,5.08814672435355,0,4.84026923803762,0,4.95269559958692,0,0,0,4.13668886567226,5.26284249029774,0,0,0,0,4.79104469080074,4.11783451854375,0,0,0,0,0,0,4.02824581657247,4.82256687156825,4.76386955133337,0,0,0,5.02146219841347,4.25976106679866,5.14785247915493,4.04840295615274,0,0,0,4.37580987799591,0,4.5634217514942,4.88073929871255,4.30762438184812,4.6239931578054,4.00095439840646,4.22326224687663,4.10154087255835,4.36574998010489,3.9878449501713,4.07609404668248,4.09331660120433,0,0,0,0,0,0,0,0,0,0,0,0,0,0,0,0,0,0,0,0,0,0,0,0,0,0,0,0,0,0,0,0,0,0,0,0,0,0,0,0,0,0,0,0,0,0,4.3014640731433,0,0,0,4.57133608681689,0,0,0,0,0,0,0,0,0,0,4.68941542138201,0,0,0,4.38950275363846,0,0,0,0,0,4.28994551617667,0,0,0,0,4.28898658679163,0,0,0
0,0,0,0,0,0,0,0,0,0,0,0,0,0,0,0,0,0,0,0,0,0,0,0,0,0,4.37062410084154,4.02395170742339,4.09447112864165,4.16722869417599,4.24107308075299,0,0,0,4.51609887705235,4.26543106682671,0,4.41185530571895,4.92479599579791,4.58281306717043,0,4.47234682032055,0,0,5.0371355427275,0,0,0,4.73079034797951,4.34807109907989,0,0,4.07736790528416,4.41376901802415,0,4.00432137378264,0,4.90092943531172,0,4.67088568748405,4.26618464165091,4.40660829971602,0,0,0,0,0,4.26368340055719,4.00290006861139,3.83026780093364,4.14326468201122,0,0,0,0,0,0,0,0,0,0,0,0,0,0,0,0,0,0,0,0,0,0,0,0,0,0,0,0,0,0,0,0,0,0,0,0,0,0,0,0,0,0,0,0,0,0,0,0,0,0,0,0,0,0,0,0,0,0,0,0,0,0,0,0,0,0,0,0,0,0,0,0,0,0,0,0,0,0,0,0,0,0,0,0,0,0,0
0,0,0,0,0,0,0,0,0,0,0,0,0,0,0,0,0,0,0,0,0,0,0,0,0,0,0,3.83550032786732,0,3.67449371729635,0,0,3.76537048029165,0,0,0,0,4.64035222259514,4.42221217103422,4.68490816828812,0,0,0,0,0,0,0,4.73079034797951,0,0,0,0,0,4.79687948089,0,0,0,4.19791430331842,0,4.70965997225026,4.04921802267018,0,0,0,0,0,3.98258779070166,4.08532626242399,0,0,4.13494171073536,0,0,0,0,0,0,0,0,0,0,0,0,0,0,0,0,0,0,0,0,0,0,0,0,0,0,0,0,0,0,0,0,0,0,0,0,0,0,0,0,0,0,0,0,0,0,0,0,0,0,0,0,0,0,0,0,0,0,0,0,0,0,0,0,0,0,0,0,0,0,0,0,0,0,0,0,0,0,0,0,0,0,0,0,0,0,0
0,0,0,0,0,0,0,0,0,0,0,0,0,0,0,0,0,0,0,0,0,0,0,0,0,0,0,0,0,0,0,0,0,4.29556709996248,0,4.03470865134107,0,0,0,0,0,4.44246409028028,0,4.51716949626712,4.96060870239925,0,0,4.34807109907989,0,0,0,0,4.15609463063943,0,0,4.49708176280948,0,4.57779041822176,0,0,0,4.44771605131151,0,0,0,0,0,0,0,0,0,0,0,0,0,0,0,0,0,0,0,0,0,0,0,0,0,0,0,0,0,0,0,0,0,0,0,0,0,0,0,0,0,0,0,0,0,0,0,0,0,0,0,0,0,0,0,0,0,0,0,0,0,0,0,0,0,0,0,0,0,0,0,0,0,0,0,0,0,0,0,0,0,0,0,0,0,0,0,0,0,0,0,0,0,0,0,0
0,0,0,0,0,0,0,0,0,0,0,0,0,4.25548959807554,0,0,0,0,0,0,0,0,0,0,0,0,0,0,0,0,0,0,0,0,0,0,4.75048525243288,0,0,0,4.99229719520713,0,0,0,4.34131579459647,4.99793218625614,0,0,0,0,0,5.08829914009827,4.83252807233427,0,5.00356823067966,0,4.73139534424445,0,0,0,0,0,5.04273297962172,4.33517697277003,0,0,0,0,0,0,0,4.30700370116316,0,0,0,0,0,0,0,0,0,0,0,0,0,0,0,0,0,0,0,0,0,0,4.40920587418957,0,0,0,0,0,0,0,4.6364979261332,0,0,0,0,0,0,4.30539436677173,0,0,0,0,0,5.12620611118131,0,0,0,0,4.6891311972345,0,0,0,5.37328724790586,0,0,0,0,0,0,5.17971835366483,4.30550184146403,4.71174819471113,0,4.20090519168499,0,0,0,0,0,0,4.91117892328352,0,4.50085371146126,0,0,0,0,0,0,0,0,0,0,0,0,0
0,0,0,0,0,0,0,0,0,0,0,0,0,0,0,0,0,0,0,0,0,0,0,0,0,0,0,0,0,0,0,0,0,0,0,0,0,0,0,0,4.48261635940084,0,0,0,0,4.8727446490755,0,0,0,0,5.08829914009827,0,4.38388714426039,0,0,0,4.62828673108951,0,0,0,0,0,4.48397221504393,0,0,0,0,0,0,0,0,0,0,0,0,0,0,0,0,0,0,0,0,0,0,0,0,0,0,0,0,0,0,0,0,0,0,0,0,0,0,0,0,0,0,0,0,0,0,0,0,0,0,0,0,0,0,0,0,0,4.25719842613934,0,0,0,4.77848408191731,0,0,0,0,0,0,4.71050661647095,0,4.6131226860577,0,0,0,0,0,0,0,0,0,0,3.82801506422398,0,0,0,0,0,0,0,0,0,0,0,0,0
0,0,0,0,0,0,0,0,0,0,0,0,0,0,0,0,0,0,0,0,0,0,0,4.12881914219451,0,0,4.48191536510837,0,4.08724886779566,0,4.21359743674736,0,0,4.32522822787085,4.75842739146148,5.06861252274128,0,0,0,0,0,0,4.85548886908305,4.82144146753529,4.97434586467324,4.80716957993013,4.02824581657247,4.07736790528416,0,4.15609463063943,4.83252807233427,4.38388714426039,0,0,4.39771411680447,4.90038897940146,5.28173767170692,4.31777092295024,0,0,0,4.74853687350067,4.89351764547721,5.037892417234,4.76362263367323,0,0,0,0,0,0,4.22523172221465,4.00047746137446,0,0,0,0,0,0,0,0,0,0,0,0,0,0,0,0,0,0,0,0,0,0,0,0,0,0,0,0,0,0,0,0,0,0,0,0,0,0,0,0,0,0,0,0,0,0,0,0,0,0,0,4.50428051960728,0,0,0,0,0,0,4.39024604510922,0,3.97881938673284,0,0,0,0,0,0,0,0,4.33215557139555,0,4.08724886779566,0,0,0,0,0,0,0,0,0,0,0,0,0
0,0,0,0,0,0,0,0,0,0,0,0,0,0,0,0,0,0,0,0,0,0,0,0,0,0,0,4.3544349980319,0,4.10917342142547,4.52117732540837,0,4.38201704257487,0,0,0,0,4.3626144018194,4.24209398388388,5.03341169158379,0,0,0,0,0,0,4.82256687156825,4.41376901802415,4.79687948089,0,0,0,0,0,0,0,0,0,4.23396013849477,4.90081484933725,5.20319884504728,0,0,0,0,0,5.0282702327423,4.53885010645805,4.42396636868029,3.96189547366785,5.18984389373944,0,0,3.98398692196519,0,0,4.14391993838584,0,0,0,0,0,0,0,0,0,0,0,0,0,0,0,0,0,0,0,0,0,0,0,0,0,0,0,0,0,0,0,0,0,0,0,0,0,0,0,0,0,0,0,0,0,0,0,0,0,0,0,0,0,0,0,0,0,0,0,0,0,4.01510816064584,0,0,0,0,0,0,0,0,0,4.09614498129434,0,0,0,0,0,4.51469382103857,0,0,0
0,0,0,0,0,0,0,0,0,3.98918275125555,0,0,0,4.42824821434295,0,0,0,0,0,0,0,0,0,0,0,0,0,0,0,0,4.30109513495094,0,0,0,4.41227570193583,0,0,0,0,4.06792594968152,0,0,0,0,4.58487375345983,0,4.76386955133337,0,0,0,5.00356823067966,0,4.39771411680447,0,0,0,3.96801571399364,0,5.15641284506444,0,4.30539436677173,0,4.63603631635345,4.48288786937649,0,5.15537855372477,0,0,4.7389231865335,0,0,4.82174273347462,4.56928025111093,0,4.5906746805752,4.36485105200769,0,4.26104864334422,0,0,0,0,0,0,0,0,0,0,0,0,0,0,0,0,4.55630250076729,0,0,0,0,0,0,0,4.72143136910064,0,0,0,0,4.08346678547389,0,0,0,0,0,0,4.25825405350715,4.77691900284205,0,0,0,0,0,0,4.41695654539034,0,5.28489974415072,0,0,0,4.72801270666123,0,0,5.0767823943569,0,0,0,0,0,0,0,5.19305220990827,0,0,5.10495802445208,5.1817550056947,4.5582404319935,4.2559957267224,0,0,0,4.55435588322946,4.38030171030518,4.6728456786801,4.58375404363978,0,0,4.08653778375321,0,4.1611283253625
0,0,0,0,0,0,0,0,0,0,0,0,0,0,0,0,0,0,0,0,0,0,0,0,0,0,3.90789483541628,0,0,0,0,0,0,3.74382322160375,0,4.28874093879429,0,0,0,0,0,0,0,4.38619565612057,4.5221050122757,0,0,4.00432137378264,0,4.49708176280948,0,0,4.90038897940146,0,0,0,0,4.39144677873726,0,3.68051680938125,0,4.74231656100538,0,0,4.46268244249301,0,0,0,0,0,0,0,0,0,0,0,0,0,0,0,0,0,0,0,0,0,0,0,0,0,0,0,0,0,0,0,0,0,0,0,0,0,0,0,0,0,0,0,0,0,0,0,0,0,0,0,0,0,0,0,0,0,0,0,0,0,0,0,0,0,0,0,0,0,0,0,0,0,0,0,0,0,0,0,0,0,0,0,0,0,0,0,0,0,0,0,0,0
0,0,0,0,0,0,0,0,0,0,0,0,0,0,0,0,0,0,0,0,0,0,0,0,0,0,0,0,0,0,0,0,0,0,4.19542914245706,0,0,0,0,0,0,0,4.01207759953101,0,4.45421963566,4.72171171336783,0,0,0,0,4.73139534424445,4.62828673108951,5.28173767170692,0,3.96801571399364,0,0,0,0,0,0,0,4.80887237974411,4.70249946660707,4.25231893294165,0,0,0,0,0,0,0,0,0,0,0,0,0,0,0,0,0,0,0,0,0,0,0,0,0,0,0,0,0,0,0,0,0,0,0,0,0,0,0,0,0,0,0,0,0,0,0,0,0,0,0,0,0,0,0,0,0,0,0,4.41412062604382,0,0,0,0,0,0,4.29232253991492,0,4.04551856288449,0,0,0,0,0,0,0,0,0,0,0,0,0,0,0,0,0,0,0,0,0,0,0,0
0,0,0,0,0,0,0,0,0,0,0,0,0,0,0,0,0,0,0,0,0,0,0,0,0,0,4.37874301881302,0,3.94041686468167,0,0,0,0,3.83454785768095,4.30137729234935,4.39157019541822,0,0,3.97529391535621,0,0,0,0,0,4.90819539267125,0,0,4.90092943531172,4.19791430331842,4.57779041822176,0,0,4.31777092295024,0,0,4.39144677873726,0,0,0,4.77102127989003,0,5.04261488458852,0,0,4.16322102671558,0,0,4.61512905895927,0,4.24159628215407,0,0,0,0,0,0,0,0,0,0,0,0,0,0,0,0,0,0,0,0,0,0,0,0,0,0,0,0,0,0,0,0,0,0,0,0,0,0,0,0,0,0,0,0,0,0,0,0,0,0,0,0,0,0,0,0,0,0,0,0,0,0,0,0,0,0,0,0,0,0,0,0,0,0,0,0,0,0,0,0,0,0,0,0,0,0,0,0
0,0,0,0,0,0,0,0,0,0,0,0,0,0,0,0,0,0,0,0,0,0,0,0,0,0,0,0,0,0,4.0234170898411,0,0,0,0,0,0,0,0,4.28339169729713,0,0,0,0,0,0,5.02146219841347,0,0,0,0,0,0,4.23396013849477,5.15641284506444,0,0,0,0,0,4.838912027406,0,0,0,0,5.12813744983563,0,0,5.16093948668454,0,4.22180531799655,4.58218840352979,4.62948095618324,0,4.72190125545537,4.52949451843328,4.02027839411193,4.42543639540901,0,0,0,0,0,0,0,0,0,0,0,0,0,0,0,0,0,0,0,0,0,0,0,0,0,0,0,0,0,0,0,0,0,0,0,0,0,0,0,0,0,0,0,0,0,0,0,0,0,0,4.22162285774879,0,0,0,0,0,0,0,0,0,0,5.20395437631398,0,0,3.93711651076705,5.04113598074878,0,0,0,0,0,4.75495195237889,4.36558157275505,4.59446989873833,4.66721939844394,0,4.1545152657924,4.28321074126038,0,4.2951711067901
0,0,0,0,0,0,0,0,0,0,0,0,0,0,0,0,0,0,0,0,0,0,0,0,0,0,3.98645821273731,4.02534683450983,0,3.91740046795525,4.30781682666243,0,3.96435392929219,0,4.17073096933786,4.04520558603506,0,4.18743610977371,4.1757147073087,4.62228657207032,0,0,0,0,4.26836732542148,0,4.25976106679866,4.67088568748405,4.70965997225026,0,0,0,0,4.90081484933725,0,3.68051680938125,0,4.77102127989003,0,0,4.57167390055284,4.45262965162202,0,0,0,0,4.51936852704,4.79205533129228,4.11975062388458,4.16840908351963,4.46652657272118,0,0,3.76454971906447,0,0,3.82203724807259,0,0,0,0,0,0,0,0,0,0,0,0,0,0,0,0,0,0,0,0,0,0,0,0,0,0,0,0,0,0,0,0,0,0,0,0,0,0,0,0,0,0,0,0,0,0,0,0,0,0,0,0,0,0,0,0,0,0,0,0,0,0,0,0,0,0,0,0,0,0,0,0,0,0,0,0,0,3.97298922685535,0,0,0
0,0,0,0,0,0,0,0,0,0,0,4.18596689276784,0,0,0,0,0,4.23159700556491,0,0,3.96801571399364,3.98434725758586,0,0,0,0,0,4.33935204904559,0,4.25633281842567,4.85574321077474,0,4.25753458598068,0,4.60965842826303,0,0,4.05161552300499,4.33346742690537,4.91635918305181,0,0,0,0,0,0,5.14785247915493,4.26618464165091,4.04921802267018,0,0,0,0,5.20319884504728,4.30539436677173,0,0,0,4.838912027406,4.57167390055284,0,0,0,0,0,0,4.56020562297006,4.67616298918115,4.92583787804895,0,5.16667871845189,0,0,4.09387675539004,0,0,4.09412159584056,0,0,0,0,0,0,0,0,0,0,0,0,0,0,0,0,0,0,0,0,0,0,0,0,0,0,0,0,0,0,0,0,0,0,0,0,0,0,0,0,0,0,0,0,0,0,0,0,0,0,0,4.2610010233352,0,0,0,0,0,0,0,0,0,4.16151773313868,4.32917406341751,0,0,0,0,0,0,0,0,4.15736609176227,0,0,0,0,0,4.57581111826989,0,0,0
0,0,0,0,0,0,0,0,0,0,0,0,0,0,0,0,0,0,0,0,0,0,0,3.82749850813346,0,0,4.21245396104028,0,0,0,4.23540218015803,0,0,0,4.59887801320748,4.44588430291691,0,0,4.09750025223169,0,0,0,0,0,4.91333692593262,0,4.04840295615274,4.40660829971602,0,4.44771605131151,0,0,4.74853687350067,0,0,4.74231656100538,0,5.04261488458852,0,4.45262965162202,0,0,0,4.51448134169878,4.97754070594653,3.89170467623918,0,4.54745471057273,0,4.87622361574582,0,3.80915553174718,4.66846978520805,0,4.02460879612656,0,0,0,0,0,0,0,0,0,0,0,0,0,0,0,0,0,0,0,0,0,0,0,0,0,0,0,0,0,0,0,0,0,0,0,0,0,0,0,0,0,0,0,0,0,0,0,0,0,0,0,0,0,0,0,0,0,0,0,0,0,0,0,0,0,0,0,0,0,0,0,0,0,0,0,0,0,0,0,0,0,0,0
0,0,0,0,0,0,0,0,0,0,0,0,0,0,0,0,0,0,0,0,0,0,0,0,0,0,0,0,0,0,0,0,0,0,0,0,0,0,0,0,0,0,0,0,4.33459447193228,0,0,0,0,0,5.04273297962172,4.48397221504393,4.89351764547721,0,4.63603631635345,0,4.80887237974411,0,0,0,0,0,0,4.70215470634295,0,0,0,0,0,0,0,4.44178936653435,0,0,0,0,0,0,0,0,0,0,0,0,0,0,0,0,0,0,0,0,0,0,0,0,0,0,0,0,0,0,0,0,0,0,0,0,0,0,0,0,0,0,0,0,0,0,0,0,0,0,0,0,4.73516758445072,0,0,0,0,0,0,4.68819727806656,4.09985321988438,4.25767857486918,0,0,0,0,0,0,0,0,4.74152189177379,0,4.49674980739456,0,0,0,0,0,0,0,0,0,0,0,0,0
0,0,0,0,0,0,0,0,0,0,0,0,0,0,0,0,0,0,0,0,0,0,0,0,0,0,0,0,0,0,0,0,0,0,4.26885867499414,0,0,0,0,0,0,0,0,0,4.5134306984441,0,0,0,0,0,4.33517697277003,0,5.037892417234,0,4.48288786937649,0,4.70249946660707,0,0,0,0,4.51448134169878,4.70215470634295,0,4.82882095512493,4.59736605026603,0,0,0,0,0,4.79811175847346,4.77090353504969,0,0,0,0,0,0,0,0,0,0,0,0,0,0,0,0,0,0,0,0,0,0,0,0,0,0,0,0,0,0,0,0,0,0,0,0,0,0,0,0,0,0,0,0,0,0,0,0,0,0,0,0,0,0,0,0,0,0,0,0,0,0,0,0,0,0,0,0,0,4.47930172069772,0,0,0,0,0,0,0,0,0,0,0,0,0,0,0
0,0,0,0,0,0,0,0,0,0,0,0,0,0,0,0,0,0,0,0,0,0,0,0,0,0,0,0,0,0,0,0,0,0,0,3.9411137270371,0,0,0,0,0,0,0,0,4.12952877385878,0,0,0,0,0,0,0,4.76362263367323,0,0,4.46268244249301,4.25231893294165,4.16322102671558,0,0,0,4.97754070594653,0,4.82882095512493,0,0,0,3.80461641698726,0,4.14407580619855,0,0,4.56112524532769,0,0,0,0,0,0,0,0,0,0,0,0,0,0,0,0,0,0,0,0,0,0,0,0,0,0,0,0,0,0,0,0,0,0,0,0,0,0,0,0,0,0,0,0,0,0,0,0,0,0,0,0,0,0,0,0,0,0,0,0,0,0,0,0,0,0,0,0,0,0,0,0,0,0,0,0,0,0,0,0,0,0,0,0,0
0,0,0,0,0,0,0,0,0,0,0,0,0,0,0,0,0,0,0,0,0,0,0,0,0,0,0,0,0,0,0,0,0,0,0,0,0,0,0,0,0,0,0,0,4.22881084501136,0,4.37580987799591,0,0,0,0,0,0,0,5.15537855372477,0,0,0,5.12813744983563,0,0,3.89170467623918,0,4.59736605026603,0,0,0,0,4.94019263553191,4.15797024360471,0,5.0490861632585,4.97014688733488,0,4.76578027996185,4.74783113851107,0,4.17464119266045,0,0,0,0,0,0,0,0,0,0,0,0,0,0,0,0,0,0,0,0,0,0,0,0,0,0,0,0,0,0,0,0,0,0,0,0,0,0,0,0,0,0,0,0,0,0,0,0,0,0,0,0,0,0,0,0,0,0,0,0,0,4.9672062092651,0,0,4.66134881197433,5.01653612166954,0,0,0,0,0,4.53915140344549,4.36265208790775,4.59815555719196,4.53927688219067,0,0,4.35175766687903,0,4.06419583586464
0,0,0,0,0,0,0,0,0,0,0,0,0,0,0,0,0,0,0,0,0,0,0,0,0,0,0,0,0,0,0,0,0,0,0,0,0,0,0,0,0,0,0,0,0,0,0,0,3.98258779070166,0,0,0,0,5.0282702327423,0,0,0,0,0,4.51936852704,4.56020562297006,0,0,0,0,0,0,4.48381543774866,0,0,5.08716004593587,0,0,4.35345458380604,0,0,4.06152787089051,0,0,0,0,0,0,0,0,0,0,0,0,0,0,0,0,0,0,0,0,0,0,0,0,0,0,0,0,0,0,0,0,0,0,0,0,0,0,0,0,0,0,0,0,0,0,0,0,0,0,0,0,0,0,0,0,0,0,0,0,0,0,0,0,0,0,0,0,0,0,0,0,0,0,0,0,0,4.37219371927573,0,0,0
0,0,0,0,0,0,0,0,0,0,0,3.92885653358191,0,0,0,0,0,4.00371896382311,0,0,0,0,0,0,0,0,0,3.99860802931509,0,4.05034108183408,4.54667835930236,0,3.91949648786306,0,4.54041707579318,0,0,3.99002789877029,4.22185743541914,4.50759953534207,0,0,0,0,4.31931430409051,0,4.5634217514942,4.26368340055719,4.08532626242399,0,0,0,0,4.53885010645805,0,0,0,4.61512905895927,0,4.79205533129228,4.67616298918115,4.54745471057273,0,0,3.80461641698726,0,4.48381543774866,0,4.38630273069752,4.9027695766457,4.58585536332203,0,4.20120588339179,4.62461207551298,4.43203880845462,0,4.0665122778566,3.79344113297766,0,0,0,0,0,0,0,0,0,0,0,0,0,0,0,0,0,0,0,0,0,0,0,0,0,0,0,0,0,0,0,0,0,0,0,0,0,0,0,0,0,0,0,0,0,0,0,0,0,0,0,0,0,0,0,0,0,0,0,0,0,0,0,0,0,0,0,0,0,0,0,0,0,0,0,0,3.96773513178388,0,0,0
0,0,0,0,0,0,0,0,0,0,0,3.97877378433012,0,0,0,0,0,4.04218159451577,0,0,0,0,0,0,0,0,0,3.88121341625502,0,3.98574074105007,4.56048051938048,0,0,0,4.52343428674644,0,0,0,4.10765082614649,4.4202033743533,0,0,0,0,0,0,4.88073929871255,4.00290006861139,0,0,0,0,0,4.42396636868029,4.7389231865335,0,0,0,5.16093948668454,4.11975062388458,4.92583787804895,0,0,0,0,4.94019263553191,0,4.38630273069752,0,4.07110842178245,4.89378394767169,4.19212122213171,4.26632579147564,4.36858437235748,4.88155582979331,4.66423757385249,4.47503162206641,4.76969480630962,0,0,0,0,0,0,0,0,0,0,0,0,0,0,0,0,0,0,0,0,0,0,0,0,0,0,0,0,0,0,0,0,0,0,0,0,0,0,0,0,0,0,0,0,0,0,0,0,0,0,0,0,0,0,0,0,0,0,0,0,0,4.89424404359768,0,0,0,4.78572834868798,0,0,0,0,0,4.72604222753943,3.9024924211586,4.26347036606118,4.50665383056555,0,4.75648396444261,4.52969977976432,0,4.23093403828436
0,0,0,0,0,0,0,0,0,0,0,0,0,0,0,0,0,3.73782850589578,0,0,0,0,0,0,0,0,0,0,0,3.74012573696573,4.29981226549572,0,0,0,4.52527809662657,0,0,0,4.04103720786703,0,0,0,0,0,4.63213322204048,0,4.30762438184812,3.83026780093364,0,0,0,0,0,3.96189547366785,0,0,0,4.24159628215407,0,4.16840908351963,0,4.87622361574582,0,0,4.14407580619855,4.15797024360471,0,4.9027695766457,4.07110842178245,0,0,3.9698816437465,4.90467227592706,4.18511700114259,4.82658657960908,4.1320354383275,0,3.68636810347304,0,0,0,0,0,0,0,0,0,0,0,0,0,0,0,0,0,0,0,0,0,0,0,0,0,0,0,0,0,0,0,0,0,0,0,0,0,0,0,0,0,0,0,0,0,0,0,0,0,0,0,0,0,0,0,0,0,0,0,0,0,0,0,0,0,0,0,0,0,0,0,0,0,0,0,0,0,0,0,0
0,0,0,0,0,0,0,0,0,0,0,3.91275330367132,0,0,0,0,0,3.96628256216746,0,0,0,0,0,0,0,0,0,3.98036702618478,0,4.04481404752864,4.53322535214212,0,0,0,4.41652401426865,0,0,0,4.18985511378961,4.50274111880621,0,0,0,0,0,0,4.6239931578054,4.14326468201122,4.13494171073536,0,0,0,0,5.18984389373944,0,0,0,0,4.22180531799655,4.46652657272118,5.16667871845189,0,0,0,0,0,5.08716004593587,4.58585536332203,4.89378394767169,0,0,0,0,4.70104098624657,4.05872962075172,0,4.75968295032195,3.90859223884757,0,0,0,0,0,0,0,0,0,0,0,0,0,0,0,0,0,0,0,0,0,0,0,0,0,0,0,0,0,0,0,0,0,0,0,0,0,0,0,0,0,0,0,0,0,0,0,0,0,0,0,0,0,0,0,0,0,0,0,0,4.09032860682342,3.98909369261033,0,0,0,0,0,0,0,0,4.28350475654383,0,0,0,0,0,4.95418942575858,0,0,0
0,0,0,0,0,0,0,0,0,0,0,0,0,0,0,0,0,0,0,0,0,0,0,0,0,0,0,0,0,0,0,0,0,0,0,0,0,0,0,0,0,0,0,0,4.23289450915601,0,4.00095439840646,0,0,0,4.30700370116316,0,4.22523172221465,0,4.82174273347462,0,0,0,4.58218840352979,0,0,3.80915553174718,4.44178936653435,4.79811175847346,0,5.0490861632585,0,0,4.19212122213171,3.9698816437465,0,0,4.86405400078812,0,4.27737997466725,4.61200991148631,0,0,0,0,0,0,0,0,0,0,0,0,0,0,0,0,0,0,0,0,0,0,0,0,0,0,0,0,0,0,0,0,0,0,0,0,0,0,0,0,0,0,0,0,0,0,0,0,0,0,0,0,0,0,0,4.18184358794477,0,0,0,0,0,0,0,4.46983673757549,0,0,4.82831180600531,4.57754924239824,4.06220580881971,3.91776800244776,0,0,0,0,4.02040272098388,4.53069904184495,3.91571633794599,0,0,3.88315019968328,0,0
0,0,0,0,0,0,0,0,0,0,0,0,0,0,0,0,0,0,0,0,0,0,0,0,0,0,0,0,0,0,4.13858687065358,0,0,0,4.46351972340049,0,0,0,3.9006947744524,0,0,0,0,0,4.63942671986024,0,4.22326224687663,0,0,0,0,0,4.00047746137446,0,4.56928025111093,0,0,0,4.62948095618324,0,0,4.66846978520805,0,4.77090353504969,4.56112524532769,4.97014688733488,0,4.20120588339179,4.26632579147564,4.90467227592706,0,4.86405400078812,0,0,4.8447194183995,4.60709027719158,0,3.75227898546012,0,0,0,0,0,0,0,0,0,0,0,0,0,0,0,0,0,0,0,0,0,0,0,0,0,0,0,0,0,0,0,0,0,0,0,0,0,0,0,0,0,0,0,0,0,0,0,0,0,0,0,0,0,0,0,0,0,0,0,0,0,4.56185239744695,0,0,0,4.56474889181302,0,0,0,0,0,3.99109310804889,4.18695633546541,4.23907413823589,4.22605831042711,0,0,0,0,0
0,0,0,0,0,0,0,0,0,0,0,0,0,0,0,0,0,0,0,0,0,0,0,0,0,0,0,0,0,0,3.98806820339264,0,0,0,0,0,0,0,0,0,0,0,0,0,0,0,4.10154087255835,0,0,0,0,0,0,3.98398692196519,0,0,0,0,0,3.76454971906447,4.09387675539004,0,0,0,0,0,4.35345458380604,4.62461207551298,4.36858437235748,4.18511700114259,4.70104098624657,0,0,0,4.69518387254604,0,4.51918460415182,4.24691691701493,0,0,0,0,0,0,0,0,0,0,0,0,0,0,0,0,0,0,0,0,0,0,0,0,0,0,0,0,0,0,0,0,0,0,0,0,0,0,0,0,0,0,0,0,0,0,0,0,0,0,0,0,0,0,0,0,0,0,0,0,0,0,0,0,0,0,0,0,0,0,0,0,0,0,0,0,0,0,0,0
0,0,0,0,0,0,0,0,0,0,0,0,0,0,0,0,0,0,0,0,0,0,0,0,0,0,0,0,0,0,4.03722723458227,0,0,0,4.25760658639231,0,0,0,3.73423960443546,0,0,0,0,0,4.31145716838103,0,4.36574998010489,0,0,0,0,0,0,0,4.5906746805752,0,0,0,4.72190125545537,0,0,4.02460879612656,0,0,0,4.76578027996185,0,4.43203880845462,4.88155582979331,4.82658657960908,4.05872962075172,4.27737997466725,4.8447194183995,4.69518387254604,0,4.84070189910316,3.95813367567624,4.69012516901817,0,0,0,0,0,0,0,0,0,0,0,0,0,0,0,0,0,0,0,0,0,0,0,0,0,0,0,0,0,0,0,0,0,0,0,0,0,0,0,0,0,0,0,0,0,0,0,0,0,0,0,0,0,0,0,0,0,0,0,0,0,4.66982806133252,0,0,0,4.64596234508439,0,0,0,0,0,4.36854719756766,3.9887372752888,4.18954645673893,4.40449161775869,0,0,4.12306724373657,0,4.00466523324788
0,0,0,0,0,0,0,0,0,0,0,0,0,0,0,0,0,0,0,0,0,0,0,0,0,0,0,0,0,0,0,0,0,0,0,0,0,0,0,0,0,0,0,0,0,0,3.9878449501713,0,0,0,0,0,0,0,4.36485105200769,0,0,0,4.52949451843328,0,0,0,0,0,0,4.74783113851107,0,0,4.66423757385249,4.1320354383275,0,4.61200991148631,4.60709027719158,0,4.84070189910316,0,0,4.38765672862014,0,0,0,0,0,0,0,0,0,0,0,0,0,0,0,0,0,0,0,0,0,0,0,0,0,0,0,0,0,0,0,0,0,0,0,0,0,0,0,0,0,0,0,0,0,0,0,0,0,0,0,0,0,0,0,0,0,0,0,0,0,4.42288517783084,0,0,0,4.39894640490131,0,0,0,0,0,4.05034108183408,3.88223984801882,4.16890977912236,4.12496045078954,0,0,4.45768513341264,0,0
0,0,0,0,0,0,0,0,0,0,0,0,0,0,0,0,0,0,0,0,0,0,0,0,0,0,0,0,0,0,3.9977357765979,0,0,0,0,0,0,0,0,0,0,0,0,0,0,0,4.07609404668248,0,0,0,0,0,0,4.14391993838584,0,0,0,0,4.02027839411193,3.82203724807259,4.09412159584056,0,0,0,0,0,4.06152787089051,4.0665122778566,4.47503162206641,0,4.75968295032195,0,0,4.51918460415182,3.95813367567624,0,0,4.38508767025592,0,0,0,0,0,0,0,0,0,0,0,0,0,0,0,0,0,0,0,0,0,0,0,0,0,0,0,0,0,0,0,0,0,0,0,0,0,0,0,0,0,0,0,0,0,0,0,0,0,0,0,0,0,0,0,0,0,0,0,0,0,0,0,0,0,0,0,0,0,0,0,0,0,0,0,0,4.56617813447945,0,0,0
0,0,0,0,0,0,0,0,0,0,0,0,0,0,0,0,0,0,0,0,0,0,0,0,0,0,0,0,0,0,0,0,0,0,0,0,0,0,0,0,0,0,0,0,0,0,4.09331660120433,0,0,0,0,0,0,0,4.26104864334422,0,0,0,4.42543639540901,0,0,0,0,0,0,4.17464119266045,0,3.79344113297766,4.76969480630962,3.68636810347304,3.90859223884757,0,3.75227898546012,4.24691691701493,4.69012516901817,4.38765672862014,4.38508767025592,0,0,0,0,0,0,0,0,0,0,0,0,0,0,0,0,0,0,0,0,0,0,0,0,0,0,0,0,0,0,0,0,0,0,0,0,0,0,0,0,0,0,0,0,0,0,0,0,0,0,0,0,0,0,0,0,0,0,0,0,0,0,4.36076376595415,0,0,0,4.31217735643978,0,0,0,0,0,4.1843790806586,0,0,4.09836679643933,0,4.35675226214756,4.16274358323542,0,3.99228835379709
4.61462306018531,4.00311571709981,4.11210205477089,4.411434502165,4.30308801052805,4.62252486240357,0,0,0,4.87797571190084,0,4.06126394230025,0,4.25270743300728,0,0,0,0,0,4.52953301232324,0,0,0,0,0,0,0,0,0,0,0,0,0,0,0,0,0,0,0,0,0,0,0,0,0,0,0,0,0,0,0,0,0,0,0,0,0,0,0,0,0,0,0,0,0,0,0,0,0,0,0,0,0,0,0,0,0,0,0,4.34478512263266,4.53060945832963,4.84926581716156,4.9140891713535,5.00457069903225,0,0,0,0,0,4.53898822685823,0,0,0,0,0,0,0,0,0,0,0,0,0,0,0,0,0,0,0,0,0,0,0,0,0,0,0,0,0,0,0,0,0,0,0,0,0,0,0,0,0,0,0,0,0,0,0,0,0,0,0,0,0,0,0,0,0,0,0,0,0,0,0,0,0,0,0,0
3.82704601700473,4.54306179801462,0,0,4.43543025158297,4.61914552634604,4.00216606175651,0,4.30174599102526,4.27049250363862,0,0,0,4.76687366860107,0,0,0,0,0,0,0,0,0,0,0,0,0,0,0,0,0,0,0,0,0,0,0,0,0,0,0,0,0,0,0,0,0,0,0,0,0,0,0,0,0,0,0,0,0,0,0,0,0,0,0,0,0,0,0,0,0,0,0,0,0,0,0,0,4.34478512263266,0,0,4.80044212133626,0,4.99944374698524,4.54706054685457,4.96787544554803,3.79885773174749,4.49294188898173,0,0,0,0,0,0,0,3.92992956008459,0,0,0,0,0,0,0,4.008302024212,0,0,0,0,0,0,0,0,0,0,0,0,0,0,0,0,0,0,0,0,0,0,0,0,0,0,0,0,0,0,0,0,0,0,0,0,0,0,0,0,0,0,0,0,0,0,0,0,0,0,0,0,0,0
4.19329160257952,0,4.44572871430711,4.11958577496178,0,0,0,0,0,4.88392817466881,0,4.25837384896812,4.50392680419351,0,0,0,0,0,0,4.57315020446508,0,0,0,0,0,0,0,0,0,0,0,0,0,0,0,0,0,0,0,0,0,0,0,0,0,0,0,0,0,0,0,0,0,0,0,0,0,0,0,0,0,0,0,0,0,0,0,0,0,0,0,0,0,0,0,0,0,0,4.53060945832963,0,0,0,4.77526083313605,4.31772913372895,0,0,0,0,0,5.06977536253926,0,0,0,0,0,0,4.65573374028979,4.39464426873532,4.1553664066467,0,0,0,0,0,0,0,0,4.19245593851198,0,0,0,0,0,0,0,0,0,0,0,0,0,0,0,0,0,0,0,0,0,0,0,0,0,0,0,0,0,0,0,0,0,0,0,0,0,0,0,0,0,0,0,0,0,0,0,0,0,0
4.35499150297848,4.29710365014926,0,4.13369854611578,4.54291252600035,4.70212883828688,0,0,0,4.66982806133252,0,0,0,4.60419364183912,0,0,0,0,0,3.96051834278071,0,0,0,0,0,0,0,0,0,0,0,0,0,0,0,0,0,0,0,0,0,0,0,0,0,0,0,0,0,0,0,0,0,0,0,0,0,0,0,0,0,0,0,0,0,0,0,0,0,0,0,0,0,0,0,0,0,0,4.84926581716156,4.80044212133626,0,0,4.86790333138887,4.98626550866049,0,4.94070570047704,4.75826829674409,0,3.78404641580811,4.03019478535675,0,0,0,0,0,4.2001114596238,0,0,0,0,0,0,0,4.16316137497702,0,0,0,0,0,0,0,0,0,0,0,0,0,0,0,0,0,0,0,0,0,0,0,0,0,0,0,0,0,0,0,0,0,0,0,0,0,0,0,0,0,0,0,0,0,0,0,0,0,0,0,0,0,0
4.4323277922616,0,4.04281169180715,4.38758557071528,4.03096384237828,4.39731417390885,0,0,0,4.7529008265088,0,4.06877936300956,0,0,0,0,0,0,0,4.45458572986754,0,0,0,0,0,0,0,0,0,0,0,0,0,0,0,0,0,0,0,0,0,0,0,0,0,0,0,0,0,0,0,0,0,0,0,0,0,0,0,0,0,0,0,0,0,0,0,0,0,0,0,0,0,0,0,0,0,0,4.9140891713535,0,4.77526083313605,4.86790333138887,0,4.83576664561434,0,0,4.56971325247608,0,4.4017278616545,5.105891515206,0,0,0,0,0,4.33278171986291,0,4.33847641491292,0,0,0,0,0,0,0,0,0,4.31162673187051,0,0,0,0,0,0,0,0,0,0,3.98488720106433,0,0,0,0,0,0,3.88258145355445,0,0,4.2255160393979,0,0,0,0,0,0,0,0,0,0,0,0,0,0,0,0,0,0,0,0,0,0,0,0,0,0,0,0,0
4.69868327534698,4.67293791299253,4.09408662708319,4.5331617369606,4.79068619090458,5.09528096297965,4.21790487420266,0,4.48422863769372,5.1634893581927,0,4.07561994592878,0,5.20108563169064,0,0,0,0,0,4.6625878571045,0,0,0,0,0,0,0,0,0,0,0,0,0,0,0,0,0,0,0,0,0,0,0,0,0,0,0,0,0,0,0,0,0,0,0,0,0,0,0,0,0,0,0,0,0,0,0,0,0,0,0,0,0,0,0,0,0,0,5.00457069903225,4.99944374698524,4.31772913372895,4.98626550866049,4.83576664561434,0,4.45095695477757,4.9205980762987,0,4.77646872340108,0,4.43463276617414,0,0,0,0,4.32647923638096,0,0,0,0,0,0,0,4.11226976841727,3.93721689086271,0,0,0,0,0,0,0,0,0,0,0,4.0344279050254,0,0,0,0,0,0,0,0,0,0,0,0,0,0,0,0,0,0,0,0,0,0,0,0,0,0,0,0,0,0,0,0,0,0,0,0,0,0,0,0,0,0
0,3.88166990767206,0,0,0,3.8694077493822,4.3591712057167,0,4.16613397030511,0,0,0,0,4.67418116277987,4.16106838547117,0,3.92556990954338,0,0,0,0,0,0,0,0,0,0,0,0,0,0,0,0,0,0,0,0,0,0,0,0,0,0,0,0,0,0,0,0,0,0,0,0,0,0,0,0,0,0,0,0,0,0,0,0,0,0,0,0,0,0,0,0,0,0,0,0,0,0,4.54706054685457,0,0,0,4.45095695477757,0,4.9660619091205,0,4.84347571565832,0,0,4.75049296670939,3.76417613239033,0,4.41246054742996,4.513683617032,3.97386644983538,0,0,0,0,0,0,0,4.02370504262204,0,0,0,0,0,0,0,0,0,0,0,0,0,0,0,0,0,0,0,0,0,0,0,0,0,0,0,0,0,0,0,0,0,0,0,0,0,0,0,0,0,0,0,0,0,0,0,0,0,0,0,0,0,0
0,4.41158603841936,0,0,4.35856297666106,4.49405714522175,4.37981295586094,0,4.50631557916451,0,0,0,0,4.91053903148969,0,0,0,0,0,0,0,0,0,0,0,0,0,0,0,0,0,0,0,0,0,0,0,0,0,0,0,0,0,0,0,0,0,0,0,0,0,0,0,0,0,0,0,0,0,0,0,0,0,0,0,0,0,0,0,0,0,0,0,0,0,0,0,0,0,4.96787544554803,0,4.94070570047704,0,4.9205980762987,4.9660619091205,0,4.78616202823416,4.70070371714502,0,0,4.80925661273958,4.67291024475554,0,3.85781477797101,4.20935413494016,4.40241615290662,0,0,0,0,0,0,0,4.41959230829958,0,0,0,0,0,0,0,0,0,0,0,0,0,0,0,0,0,0,0,0,0,0,0,0,0,0,0,0,0,0,0,0,0,0,0,0,0,0,0,0,0,0,0,0,0,0,0,0,0,0,0,0,0,0
0,0,0,0,0,0,0,0,0,0,0,0,0,0,0,0,0,0,0,0,0,0,0,0,0,0,0,0,0,0,0,0,0,0,0,0,0,0,0,0,0,0,0,0,0,0,0,0,0,0,0,0,0,0,0,0,0,0,0,0,0,0,0,0,0,0,0,0,0,0,0,0,0,0,0,0,0,0,0,3.79885773174749,0,4.75826829674409,4.56971325247608,0,0,4.78616202823416,0,0,4.81653294185134,4.45803319249651,3.92900998549396,4.61401085738736,4.76092735877461,0,0,4.95431488582178,0,3.96726709155979,0,0,0,0,0,4.39429404535284,0,0,0,4.46759330824528,0,0,0,0,0,0,4.46347490996396,0,0,0,0,0,0,0,4.32012550597364,0,0,3.81597600097199,0,0,4.26223744974158,0,0,0,0,0,0,0,0,0,0,0,0,0,0,0,0,0,0,0,0,0,0,0,0,0,0,0,0,0
0,4.43950637688873,0,0,3.91376088641232,4.60550975211139,4.85690402252099,0,4.57850168070681,0,0,0,0,5.08620317162631,4.52707540274171,0,4.22256040916522,0,0,0,0,0,0,0,0,0,0,0,0,0,0,0,0,0,0,0,0,0,0,0,0,0,0,0,0,0,0,0,0,0,0,0,0,0,0,0,0,0,0,0,0,0,0,0,0,0,0,0,0,0,0,0,0,0,0,0,0,0,0,4.49294188898173,0,0,0,4.77646872340108,4.84347571565832,4.70070371714502,0,0,0,0,4.2532895322548,0,0,4.16684437583195,4.89446006503906,0,0,0,0,0,0,0,0,0,0,0,0,0,0,0,0,0,0,0,0,0,0,0,0,0,0,0,0,0,0,0,0,0,0,0,0,0,0,0,0,0,0,0,0,0,0,0,0,0,0,0,0,0,0,0,0,0,0,0,0,0,0,0
0,0,0,0,0,0,0,0,0,0,0,0,0,0,0,0,0,0,0,0,0,0,0,0,0,0,0,0,0,0,0,0,0,0,0,0,0,0,0,0,0,0,0,0,0,0,0,0,0,0,0,0,0,0,0,0,0,0,0,0,0,0,0,0,0,0,0,0,0,0,0,0,0,0,0,0,0,0,0,0,0,3.78404641580811,4.4017278616545,0,0,0,4.81653294185134,0,0,4.86018223165066,0,0,4.26644338129627,0,0,4.76509457914949,0,4.4922294153655,0,0,0,0,0,3.81914894280713,0,0,0,4.49539168326694,0,0,0,0,0,0,4.32132911339302,0,0,0,0,0,0,0,0,0,0,4.00371896382311,0,0,4.35051936759754,0,0,0,0,0,0,0,0,0,0,0,0,0,0,0,0,0,0,0,0,3.91539983521227,0,0,0,0,0,0,0,0
4.20490642890257,0,4.3285834497142,4.14516531735066,0,3.87737134586977,0,0,0,4.88732467180912,0,4.28762260248619,4.54489861335298,0,0,0,0,0,0,4.64260299754183,3.86905561870191,0,0,0,0,0,0,0,0,0,0,0,0,0,0,0,0,0,0,0,0,0,0,0,0,0,0,0,0,0,0,0,0,0,0,0,0,0,0,0,0,0,0,0,0,0,0,0,0,0,0,0,0,0,0,0,0,0,4.53898822685823,0,5.06977536253926,4.03019478535675,5.105891515206,4.43463276617414,0,0,4.45803319249651,0,4.86018223165066,0,0,0,0,0,0,4.89409996958547,4.96240248665526,5.02016232357792,4.50125102185586,0,0,0,0,0,4.03610966706058,0,0,4.89765457741316,0,0,0,0,0,0,4.46227817599672,0,0,0,4.39434659686831,0,0,0,4.16814377549596,0,0,4.37099393351474,0,0,4.68050774638014,0,0,0,0,0,0,0,0,0,4.39637372753651,4.27618597407067,0,0,0,0,0,0,0,3.97913846954681,4.13665716187388,4.22341805690529,0,0,0,0,0,0,0,0
0,0,0,0,0,0,3.88879706745668,0,0,0,0,0,0,4.47964727876939,4.6716633461617,0,4.47148240662766,0,0,0,0,0,0,0,0,0,0,0,0,0,0,0,0,0,0,0,0,0,0,0,0,0,0,0,0,0,0,0,0,0,0,0,0,0,0,0,0,0,0,0,0,0,0,0,0,0,0,0,0,0,0,0,0,0,0,0,0,0,0,0,0,0,0,0,4.75049296670939,4.80925661273958,3.92900998549396,4.2532895322548,0,0,0,4.83553838325985,3.9878449501713,5.08010314265307,4.9351090640214,4.02620629708312,0,0,0,4.86408369593428,4.76232588445742,4.17067234031558,4.53031498232053,4.46692690565649,0,0,0,0,0,0,0,0,0,0,0,0,0,0,0,0,0,0,0,0,0,0,0,0,0,0,0,0,0,0,0,0,0,0,0,0,0,0,0,0,0,0,0,0,0,0,0,0,0,0,0,0,0,0
0,0,0,0,0,0,0,0,0,0,0,0,0,0,0,0,0,0,0,0,0,0,0,0,0,0,0,0,0,0,0,0,0,0,0,0,0,0,0,0,0,0,0,0,0,0,0,0,0,0,0,0,0,0,0,0,0,0,0,0,0,0,0,0,0,0,0,0,0,0,0,0,0,0,0,0,0,0,0,0,0,0,0,0,3.76417613239033,4.67291024475554,4.61401085738736,0,0,0,4.83553838325985,0,4.57863920996807,3.92137429541847,0,4.43743344379797,0,0,0,3.97090449815378,4.75384340434184,4.75120209458835,0,3.95250184786302,0,0,0,0,0,0,0,0,0,0,0,0,0,0,0,0,0,0,0,0,0,0,0,0,0,0,0,0,0,0,0,0,0,0,0,0,0,0,0,0,0,0,0,0,0,0,0,0,0,0,0,0,0,0
0,0,0,0,0,0,0,0,0,0,0,0,0,0,0,0,0,0,0,0,0,0,0,0,0,0,0,0,0,0,0,0,0,0,0,0,0,0,0,0,0,0,0,0,0,0,0,0,0,0,0,0,0,0,0,0,0,0,0,0,0,0,0,0,0,0,0,0,0,0,0,0,0,0,0,0,0,0,0,0,0,0,0,0,0,0,4.76092735877461,0,4.26644338129627,0,3.9878449501713,4.57863920996807,0,0,0,5.06241650718981,0,0,0,0,3.91503029025916,4.78931272056254,0,4.85215659225004,0,4.47099816966087,0,4.42831301265437,0,0,0,0,0,0,4.4076967576339,0,0,0,0,0,0,0,4.29664325564288,0,0,0,0,0,0,0,0,0,0,0,0,0,0,0,0,0,0,0,0,0,0,0,0,0,0,0,0,0,0,0,0,0,0,0
0,0,0,0,0,0,0,0,0,0,0,0,0,4.35470374462581,4.89622850249912,0,4.60460400566297,0,0,0,0,0,0,0,0,4.52609362473876,0,0,0,0,0,0,0,0,0,0,0,0,0,0,0,0,0,0,0,0,0,0,0,0,0,0,0,0,0,0,0,0,0,0,0,0,0,0,0,0,0,0,0,0,0,0,0,0,0,0,0,0,0,0,0,0,0,0,4.41246054742996,3.85781477797101,0,4.16684437583195,0,0,5.08010314265307,3.92137429541847,0,0,4.99756985035029,0,0,0,0,4.99402224273156,4.13795512353236,3.96722025978297,4.97792013621122,4.45613819655029,0,0,0,0,4.53765541703737,4.5601936670042,0,0,0,0,0,0,0,0,0,0,0,0,0,0,0,0,0,0,0,0,0,0,0,0,0,0,0,0,0,0,0,0,0,0,0,0,0,0,0,0,0,0,0,0,0,0,0,0
0,0,0,0,0,4.26646689544024,4.554598174224,0,4.08912762904428,4.30487811769828,0,0,0,5.22558063098924,5.19866808161226,0,5.01931572919318,0,0,0,0,0,0,4.38683770795401,0,4.34984067628594,0,0,0,0,0,0,0,0,0,0,0,0,0,0,0,0,0,0,0,0,0,0,0,0,4.40920587418957,0,0,0,4.55630250076729,0,0,0,0,0,0,0,0,0,0,0,0,0,0,0,0,0,0,0,0,0,0,0,0,0,0,0,0,4.32647923638096,4.513683617032,4.20935413494016,0,4.89446006503906,0,0,4.9351090640214,0,0,4.99756985035029,0,0,0,0,0,4.35382009489741,0,0,5.31874347518959,4.35154508530616,0,0,0,0,0,4.15566998171981,0,0,0,0,0,4.86648819075997,0,0,0,0,0,0,0,0,4.80132137150504,0,0,0,0,0,0,4.30089968777225,0,0,0,0,0,0,0,0,0,0,3.99633651809578,0,0,0,0,0,0,0,0,0,0,0,0,0,0,0
0,0,0,0,0,0,0,0,0,0,0,0,0,0,0,0,0,0,0,0,0,0,0,0,0,0,0,0,0,0,0,0,0,0,0,0,0,0,0,0,0,0,0,0,0,0,0,0,0,0,0,0,0,0,0,0,0,0,0,0,0,0,0,0,0,0,0,0,0,0,0,0,0,0,0,0,0,0,0,3.92992956008459,0,4.2001114596238,4.33278171986291,0,3.97386644983538,4.40241615290662,4.95431488582178,0,4.76509457914949,4.89409996958547,4.02620629708312,4.43743344379797,5.06241650718981,0,0,0,0,4.82873721211252,0,0,0,4.40776469576183,0,5.0549461156999,0,3.84198480459011,0,5.06971618477956,0,0,0,0,0,0,4.9144330748042,0,0,0,4.22878520098065,0,0,0,4.74734965038211,0,0,4.42569721336259,0,0,4.73713696035555,0,0,0,4.25379822986825,0,0,0,0,0,4.37199091146492,4.31470969295517,0,0,0,0,3.93646347400475,3.86581438016797,0,4.18870354811843,4.1601382577234,4.31380396899415,3.97529391535621,0,3.93222001387712,0,0,0,0,0
0,0,4.03682843337711,0,0,0,0,0,0,4.64554016135051,0,3.91450182282731,4.71374247840908,0,0,0,0,0,0,4.74778456620863,4.06314563710664,0,0,0,0,0,0,0,0,0,0,0,0,0,0,0,0,0,0,0,0,0,0,0,0,0,0,0,0,0,0,0,0,0,0,0,0,0,0,0,0,0,0,0,0,0,0,0,0,0,0,0,0,0,0,0,0,0,0,0,4.65573374028979,0,0,0,0,0,0,0,0,4.96240248665526,0,0,0,0,0,0,0,4.81860853776137,4.64537313823507,0,0,0,0,0,3.93222001387712,0,0,4.46026622907689,0,0,3.73327753393258,0,0,0,0,0,0,0,0,0,0,0,0,0,0,0,0,0,3.96364618648484,0,0,0,0,0,0,0,0,0,0,0,0,0,0,0,0,0,0,0,0,0,0,0,0,0,0,0,0,0
0,0,0,0,0,0,0,0,0,3.91871166538232,0,0,3.96454246607914,0,0,0,0,0,0,0,0,0,0,0,0,0,0,0,0,0,0,0,0,0,0,0,0,0,0,0,0,0,0,0,0,0,0,0,0,0,0,0,0,0,0,0,0,0,0,0,0,0,0,0,0,0,0,0,0,0,0,0,0,0,0,0,0,0,0,0,4.39464426873532,0,4.33847641491292,0,0,0,3.96726709155979,0,4.4922294153655,5.02016232357792,0,0,0,0,0,4.82873721211252,4.81860853776137,0,4.93196611472817,0,0,0,0,0,4.63772982597964,0,4.69015176200389,5.16411184472358,0,0,4.20841448094848,0,0,0,4.44046826982215,0,3.88371820196396,0,4.62180959880665,0,0,0,4.11106078206982,0,0,4.52047043165384,0,0,4.77224100261503,0,0,0,0,0,0,0,0,0,4.47463869413439,4.30535136944662,0,0,0,0,0,0,0,4.05449814663668,4.23899899861543,4.27774670002736,0,0,0,0,0,0,0,0
0,0,0,0,0,0,0,0,0,0,0,0,3.89431606268444,0,0,0,0,0,0,0,0,0,0,0,0,0,0,0,0,0,0,0,0,0,0,0,0,0,0,0,0,0,0,0,0,0,0,0,0,0,0,0,0,0,0,0,0,0,0,0,0,0,0,0,0,0,0,0,0,0,0,0,0,0,0,0,0,0,0,0,4.1553664066467,0,0,0,0,0,0,0,0,4.50125102185586,0,0,0,0,0,0,4.64537313823507,4.93196611472817,0,0,0,0,0,0,4.62742730901109,0,4.03546976348128,4.62485939583965,0,0,4.66146245948316,0,0,0,0,0,0,0,4.29662131991633,0,0,0,0,0,0,0,0,0,4.35374317075394,0,0,0,0,0,0,0,0,0,0,0,0,0,0,0,0,0,0,0,0,0,0,0,0,0,0,0,0,0
0,0,0,0,0,0,0,0,0,0,0,0,0,0,4.30610320872759,0,4.23118914548267,0,0,0,0,0,0,0,0,4.64361057304561,0,0,0,0,0,4.22850301665926,0,0,0,0,0,0,0,0,0,0,0,0,0,0,0,0,0,0,0,0,0,0,0,0,0,0,0,0,0,0,0,0,0,0,0,0,0,0,0,0,0,0,0,0,0,0,0,0,0,0,0,0,0,0,0,0,0,0,4.86408369593428,3.97090449815378,0,4.99402224273156,4.35382009489741,0,0,0,0,0,4.91313539962804,4.33154876050752,4.94058620551417,4.59298683255258,0,0,0,0,5.09833909378691,4.84434046641115,0,4.70375552410506,0,3.98245215138499,0,0,0,0,0,0,0,0,0,0,0,0,0,0,0,0,0,0,0,0,0,0,0,0,0,0,0,0,0,0,0,0,0,0,0,0,0,0,0,0,0,0,0,0
0,0,0,0,0,0,0,0,0,0,0,0,0,0,0,0,0,0,0,0,0,0,0,0,0,0,0,0,0,0,0,0,0,0,0,0,0,0,0,0,0,0,0,0,0,0,0,0,0,0,0,0,0,0,0,0,0,0,0,0,0,0,0,0,0,0,0,0,0,0,0,0,0,0,0,0,0,0,0,0,0,0,0,0,0,0,0,0,0,0,4.76232588445742,4.75384340434184,3.91503029025916,4.13795512353236,0,0,0,0,0,4.91313539962804,0,5.01448693633755,0,4.15152306756494,0,0,0,0,4.15109392278506,0,0,4.55251004086104,3.85168631544243,4.81924772467539,0,0,0,0,0,0,0,0,0,0,0,0,0,0,0,0,0,0,4.08203098126701,0,0,0,0,0,0,0,0,0,0,0,0,0,0,0,0,0,0,0,0,0,0,0,0,0
0,0,0,0,0,0,0,0,0,0,0,0,0,0,0,0,0,0,0,0,0,0,0,0,0,0,0,0,0,0,0,0,0,0,0,0,0,0,0,0,0,0,0,0,0,0,0,0,0,0,0,0,0,0,0,0,0,0,0,0,0,0,0,0,0,0,0,0,0,0,0,0,0,0,0,0,0,0,0,0,0,0,0,0,0,0,0,0,0,0,4.17067234031558,4.75120209458835,4.78931272056254,3.96722025978297,0,4.40776469576183,0,0,0,4.33154876050752,5.01448693633755,0,0,4.90353491085135,0,4.81567070661267,0,0,4.12192078556304,0,0,3.98569585968984,4.67437423771705,4.87496860401821,4.62977645353695,0,0,0,0,0,0,0,4.60547743653016,3.89867034296553,0,3.87523494645017,3.78468859950142,0,0,0,0,0,4.4257298045961,0,3.97529391535621,0,4.09489019700665,0,0,0,4.24760506415077,4.04653418275097,0,0,0,0,0,0,0,0,0,0,0,0,0,0,0,0
0,0,0,0,0,4.15712419550487,0,0,0,4.24922282399667,0,0,0,4.80775820619625,4.97392179394886,0,4.81026613081828,0,0,0,0,0,0,4.02787940920721,0,5.10786092327746,0,0,0,0,0,4.70541037324621,0,0,0,0,4.06896466594445,0,0,0,4.02440356268297,0,0,0,0,0,0,0,0,0,4.6364979261332,0,0,0,4.72143136910064,0,0,0,0,0,0,0,0,0,0,0,0,0,0,0,0,0,0,0,0,0,0,0,0,0,0,0,0,4.11226976841727,0,0,0,0,0,0,4.53031498232053,0,0,4.97792013621122,5.31874347518959,0,0,0,0,4.94058620551417,0,0,0,4.3021793538132,0,0,0,0,4.9247495170881,5.31231913509943,0,0,0,0,0,5.34108219756619,0,0,0,0,0,0,0,0,5.01283722470517,0,0,0,0,0,0,4.58213157134813,0,0,0,0,0,0,0,0,0,0,4.19920647916166,0,0,0,0,0,0,0,0,0,0,0,0,0,0,0
0,0,0,0,0,0,0,0,0,0,0,0,0,4.19086373312875,0,0,0,0,0,0,0,0,0,3.90222052827931,0,0,0,0,0,0,0,0,0,0,0,0,0,0,0,0,0,0,0,0,0,0,0,0,0,0,0,0,0,0,0,0,0,0,0,0,0,0,0,0,0,0,0,0,0,0,0,0,0,0,0,0,0,0,0,4.008302024212,0,4.16316137497702,0,3.93721689086271,4.02370504262204,4.41959230829958,4.39429404535284,0,3.81914894280713,0,4.46692690565649,3.95250184786302,4.85215659225004,4.45613819655029,4.35154508530616,5.0549461156999,0,0,0,4.59298683255258,4.15152306756494,4.90353491085135,4.3021793538132,0,0,4.81096468837363,0,4.75049296670939,4.36221850032605,4.01998815959129,0,3.89751712940053,0,4.25282876804059,5.00763257656361,0,0,0,0,0,0,0,4.7740714942563,0,0,3.86616914763377,3.89047690896017,0,0,0,0,0,4.30308801052805,0,0,0,3.90875301918453,0,0,0,3.92458938566942,0,0,0,0,0,0,0,0,0,0,0,0,0,0,0,0,0
0,0,0,0,0,0,0,0,0,0,0,0,0,0,0,0,0,0,0,0,0,0,0,0,0,0,0,0,0,0,0,0,0,0,0,0,0,0,0,0,0,0,0,0,0,0,0,0,0,0,0,0,0,0,0,0,0,0,0,0,0,0,0,0,0,0,0,0,0,0,0,0,0,0,0,0,0,0,0,0,0,0,0,0,0,0,0,0,0,4.03610966706058,0,0,0,0,0,0,3.93222001387712,4.63772982597964,4.62742730901109,0,0,0,0,0,0,0,4.69330475723592,4.59731117006353,0,0,4.50677553660664,0,0,0,0,0,4.24057420701838,4.42771325905227,4.67400640193848,0,0,0,0,0,0,4.33310454039859,0,3.91561086266147,4.44600873368401,0,0,0,0,0,0,0,0,4.06554237051914,4.33344727449675,0,0,0,0,0,0,0,0,3.88935773688893,4.02333478253831,0,0,0,0,0,0,0,0,0
0,0,0,0,0,0,0,0,0,0,0,0,0,0,0,0,0,0,0,0,0,0,0,0,0,0,0,0,0,0,0,0,0,0,0,0,0,0,0,0,0,0,0,0,0,0,0,0,0,0,0,0,0,0,0,0,0,0,0,0,0,0,0,0,0,0,0,0,0,0,0,0,0,0,0,0,0,0,0,0,0,0,0,0,0,0,0,0,0,0,0,0,4.47099816966087,0,0,3.84198480459011,0,0,0,0,0,4.81567070661267,0,4.81096468837363,0,0,3.69931730102138,4.45504291407908,0,0,0,0,4.45583422839657,4.2778841422402,4.82239040215747,0,4.21900787825689,0,0,4.15691242570002,0,0,4.47193680459473,3.75898754686762,0,4.03638932866569,0,0,0,0,0,0,0,0,0,0,0,0,0,0,0,0,0,0,0,0,0,0,0,0,0,0,0,0,0,0,0,0
0,0,0,0,0,0,0,0,0,0,0,0,0,0,0,0,0,0,0,0,0,0,0,0,0,0,0,0,0,0,0,0,0,0,0,0,0,0,0,0,0,0,0,0,0,0,0,0,0,0,0,0,0,0,0,0,0,0,0,0,0,0,0,0,0,0,0,0,0,0,0,0,0,0,0,0,0,0,0,0,0,0,0,0,0,0,0,0,0,0,0,0,0,0,0,0,0,4.69015176200389,4.03546976348128,0,0,0,0,0,4.69330475723592,3.69931730102138,0,4.86869145013788,0,0,0,0,0,0,0,0,4.74745065180952,4.38934331125208,4.50801769042039,0,0,0,0,0,0,4.59710256202382,0,3.79035554641439,4.37970426902445,0,0,0,0,0,0,0,0,3.962984584317,4.20975622225886,0,0,0,0,0,0,0,0,4.04229980741363,4.02787940920721,3.97547776316587,0,0,0,0,0,0,0,0
0,0,0,0,0,0,0,0,0,0,0,0,0,0,0,0,0,0,0,0,0,0,0,0,0,0,0,0,0,0,0,0,0,0,0,0,0,0,0,0,0,0,0,0,0,0,0,0,0,0,0,0,0,0,4.08346678547389,0,0,0,0,0,0,0,0,0,0,0,0,0,0,0,0,0,0,0,0,0,0,0,0,0,4.19245593851198,0,4.31162673187051,0,0,0,4.46759330824528,0,4.49539168326694,4.89765457741316,0,0,4.42831301265437,0,0,5.06971618477956,4.46026622907689,5.16411184472358,4.62485939583965,0,0,0,0,4.75049296670939,4.59731117006353,4.45504291407908,4.86869145013788,0,0,0,4.08870296035147,0,0,0,5.15163947658533,0,4.64000414653106,0,4.89447667762324,0,0,0,4.92944447169718,0,0,4.97998972861086,0,0,5.10594596366016,0,0,0,4.29747599332421,0,0,0,3.98672695933122,4.18777445516398,4.7588135218806,4.5971464878337,0,0,0,4.1133750570949,4.06005536482485,4.0301542709221,0,4.51821114425249,4.51869814695026,4.59790350956793,4.25183281862864,3.96279536985723,4.25273170272602,0,4.0757293997409,0,4.07401144600894,3.98882640704528
0,0,0,0,0,0,0,0,0,0,0,0,0,0,0,0,0,0,0,0,0,0,0,0,0,4.76863070264146,0,0,0,0,0,4.56407397897715,0,0,0,0,4.41200669524106,0,0,0,4.5059228772069,0,0,0,0,0,0,0,0,0,0,0,0,0,0,0,0,0,0,0,0,0,0,0,0,0,0,0,0,0,0,0,0,0,0,0,0,0,0,0,0,0,0,0,0,0,0,0,0,0,0,0,0,4.53765541703737,0,0,0,0,0,5.09833909378691,4.15109392278506,4.12192078556304,4.9247495170881,4.36221850032605,0,0,0,0,0,5.22664114189473,0,5.05309765962828,0,0,0,4.88969939015093,0,0,0,0,4.6342555319257,0,0,0,4.19890439945673,0,0,0,0,0,0,0,0,0,0,0,0,0,0,0,0,0,0,0,0,0,0,0,0,0,0,0,0,0,0,0,0,0
0,0,0,0,0,0,0,0,0,0,0,0,0,0,4.43089704902726,0,4.34468694370562,0,0,0,0,0,0,0,0,5.24002978111253,0,0,0,0,0,5.02837195201039,0,0,0,0,4.79959553642236,0,0,0,4.87985823728254,0,0,0,0,0,0,0,0,0,4.30539436677173,0,0,0,0,0,0,0,0,0,0,0,0,0,0,0,0,0,0,0,0,0,0,0,0,0,0,0,0,0,0,0,0,0,0,0,0,0,0,0,0,0,0,4.5601936670042,4.15566998171981,0,0,0,0,4.84434046641115,0,0,5.31231913509943,4.01998815959129,0,0,0,0,5.22664114189473,0,0,4.71312077339778,0,0,0,5.2531659014293,0,0,0,0,4.4525683819881,0,0,0,4.42794029026414,0,0,0,0,0,0,0,0,0,0,0,0,0,0,0,0,0,0,0,0,0,0,0,0,0,0,0,0,0,0,0,0,0
0,0,0,0,0,0,0,0,0,0,0,0,0,0,0,0,0,0,0,0,0,0,0,0,0,0,0,0,0,0,0,0,0,0,0,0,0,0,0,0,0,0,0,0,0,0,0,0,0,0,0,0,0,0,0,0,0,0,0,0,0,0,0,0,0,0,0,0,0,0,0,0,0,0,0,0,0,0,0,0,0,0,0,0,0,0,0,0,0,0,0,0,0,0,0,0,3.73327753393258,4.20841448094848,4.66146245948316,0,0,0,0,0,4.50677553660664,0,0,4.08870296035147,0,0,0,0,0,0,0,0,0,3.83410265571279,4.81328068120444,0,0,0,0,0,0,3.84204728850964,0,0,4.75363667218622,3.82639878218762,0,0,0,0,0,0,0,3.77349389227097,4.18269990333604,0,0,0,0,0,0,0,0,0,0,0,0,0,0,0,0,0,0,0
0,0,0,0,0,0,0,0,0,0,0,0,0,0,0,0,0,0,0,0,0,0,0,0,0,0,0,0,0,0,0,4.1475217435376,0,0,0,0,4.28976727095278,0,0,0,4.36530074863799,0,0,0,0,0,0,0,0,0,0,0,0,0,0,0,0,0,0,0,0,0,0,0,0,0,0,0,0,0,0,0,0,0,0,0,0,0,0,0,0,0,0,0,0,0,0,0,0,0,0,0,0,0,0,0,0,0,0,4.70375552410506,4.55251004086104,3.98569585968984,0,3.89751712940053,0,0,0,0,5.05309765962828,4.71312077339778,0,0,0,4.86653543648135,4.25734252650518,4.70026227736019,0,0,0,0,5.10147211700024,4.79985725918961,0,0,4.20943458219091,0,0,0,0,0,0,4.31485695777957,0,0,0,0,0,0,0,0,0,0,0,0,0,0,0,0,0,0,0,0,0,0,0,0,0,0
0,0,0,0,0,0,0,0,0,0,0,0,0,0,0,0,0,0,0,0,0,0,0,0,0,0,0,0,0,0,0,0,0,0,0,0,0,0,0,0,0,0,0,0,0,0,0,0,0,0,0,0,0,0,0,0,0,0,0,0,0,0,0,0,0,0,0,0,0,0,0,0,0,0,0,0,0,0,0,0,0,0,0,0,0,0,0,0,0,0,0,0,0,0,0,0,0,0,0,0,3.85168631544243,4.67437423771705,0,0,0,4.45583422839657,0,0,0,0,0,0,0,4.9670328821587,4.59846220047415,0,0,0,0,4.14345199902163,0,0,4.46573965920386,4.34857742874262,0,0,4.36268977072616,0,0,0,0,0,4.46173856795641,0,0,0,0,0,0,0,3.9395691686559,3.97363577341741,0,0,0,0,0,0,0,0,0,0,0,0,0,0,0,0
0,0,0,0,0,0,0,0,0,0,0,0,0,0,0,0,0,0,0,0,0,0,0,0,0,0,0,0,0,0,0,0,0,0,0,0,0,0,0,0,0,0,0,0,0,0,0,0,0,0,0,0,0,0,0,0,0,0,0,0,0,0,0,0,0,0,0,0,0,0,0,0,0,0,0,0,0,0,0,0,0,0,0,0,0,0,0,0,0,0,0,0,0,0,0,0,0,0,0,3.98245215138499,4.81924772467539,4.87496860401821,0,4.25282876804059,0,4.2778841422402,0,0,0,0,0,4.86653543648135,4.9670328821587,0,4.79425794208512,0,0,0,0,0,4.26768787986574,4.96070379748101,4.77976238603217,4.75785134368558,0,3.87581338883976,4.25796640950818,0,0,0,0,0,5.07530602536371,0,4.09050494142404,4.32039557023647,4.15769847927552,3.90714253100314,0,0,4.46979257128634,4.43472854177976,0,0,0,3.89828627858912,0,0,0,0,0,0,0,0,0,0,0,0
0,0,0,0,0,0,0,0,0,0,0,0,0,0,0,0,0,0,0,0,0,0,0,0,0,0,0,0,0,0,0,0,0,0,0,0,0,0,0,0,0,0,0,0,0,0,0,0,0,0,0,0,0,0,4.25825405350715,0,0,0,0,0,0,0,0,0,0,0,0,0,0,0,0,0,0,0,0,0,0,0,0,0,0,0,0,0,0,0,4.46347490996396,0,4.32132911339302,4.46227817599672,0,0,4.4076967576339,0,0,4.9144330748042,0,4.44046826982215,0,0,0,4.62977645353695,0,5.00763257656361,0,4.82239040215747,0,5.15163947658533,0,0,0,4.25734252650518,4.59846220047415,4.79425794208512,0,0,4.35148709044971,0,0,4.62768326719825,4.58732924660681,4.5701458225591,5.45864540190748,4.1364986081567,0,4.81964920629306,4.32110109919782,0,4.94259829224594,0,0,4.4610030224541,4.88101926201218,0,0,4.46434048462767,4.29695023953664,0,4.12665082066748,4.2487577226273,4.39630398376216,0,0,4.40372090862669,4.46089784275655,4.46748971275747,0,4.55620598015751,0,4.35470374462581,4.58003495750888,4.24767872957066,4.38676641571731,0,0,0,0,0
0,0,0,0,0,4.11431067686842,0,0,0,4.20240657263938,0,0,0,4.69366540485922,0,0,0,0,0,0,0,0,0,0,0,4.66327678663996,0,0,0,0,0,4.68484536164441,0,0,0,0,4.84039469141012,0,0,0,5.10162336486237,0,0,0,0,4.42295078122702,0,0,0,0,5.12620611118131,0,0,0,4.77691900284205,0,0,0,0,0,0,0,0,0,0,0,0,0,0,0,0,0,0,0,0,0,0,0,0,0,0,0,0,4.0344279050254,0,0,0,0,0,0,0,0,0,0,4.86648819075997,0,0,0,0,0,0,0,5.34108219756619,0,0,0,0,0,4.88969939015093,5.2531659014293,0,4.70026227736019,0,0,0,0,0,0,0,0,4.83313435711515,0,0,0,5.31971177433704,0,0,0,0,0,0,5.10241998367998,0,0,0,0,0,0,0,0,0,0,4.25698218590157,0,0,0,0,0,0,0,0,0,0,0,0,0,0,0
0,0,0,0,0,0,0,0,0,0,0,0,0,0,0,0,0,0,0,0,0,0,0,0,0,0,0,0,0,0,0,0,0,0,0,0,0,0,0,0,0,0,0,0,0,0,0,0,0,0,0,0,0,0,0,0,0,0,0,0,0,0,0,0,0,0,0,0,0,0,0,0,0,0,0,0,0,0,0,0,0,0,0,0,0,0,0,0,0,0,0,0,0,0,0,0,0,3.88371820196396,0,0,0,0,0,0,4.24057420701838,4.21900787825689,4.74745065180952,4.64000414653106,0,0,0,0,0,0,4.35148709044971,0,0,4.5233171613442,4.56129224037896,4.25512771614317,0,0,4.43296929087441,0,0,4.98394185898389,0,4.53561054590879,4.28918746822073,0,0,0,0,0,0,0,4.20485223692822,4.24890465056168,4.29539114757198,0,0,0,0,0,0,0,0,4.13251583491264,4.10469191890021,3.99166900737995,3.90832413927618,0,3.74919504221967,0,0,0,0,0
0,0,0,0,0,0,0,0,0,0,0,0,0,0,0,0,0,0,0,0,0,0,0,0,0,0,0,0,0,0,0,0,0,0,0,0,0,0,0,0,0,0,0,0,0,0,0,0,0,0,0,0,0,0,0,0,0,0,0,0,0,0,0,0,0,0,0,0,0,0,0,0,0,0,0,0,0,0,0,0,0,0,0,0,0,0,0,0,0,0,0,0,0,0,0,0,0,0,0,0,0,0,0,0,4.42771325905227,0,4.38934331125208,0,0,0,3.83410265571279,0,0,0,0,0,4.5233171613442,0,4.73377486979303,0,0,0,0,0,0,4.50094964725455,0,4.69932597988114,4.00919585351952,0,0,0,0,0,0,0,4.08628862902168,4.3693828616352,4.35913321634632,0,0,0,0,0,0,0,0,4.00919585351952,0,0,0,0,0,0,0,0,0,0
0,0,0,0,0,0,0,0,0,0,0,0,0,0,0,0,0,0,0,0,0,0,0,0,0,0,0,0,0,0,0,0,0,0,0,0,0,0,0,0,0,0,0,0,0,0,0,0,0,0,0,0,0,0,0,0,0,0,0,0,0,0,0,0,0,0,0,0,0,0,0,0,0,0,0,0,0,0,0,0,0,0,3.98488720106433,0,0,0,0,0,0,4.39434659686831,0,0,0,0,0,4.22878520098065,0,4.62180959880665,4.29662131991633,0,0,0,0,0,4.67400640193848,0,4.50801769042039,4.89447667762324,0,0,4.81328068120444,0,0,0,0,0,4.56129224037896,4.73377486979303,0,0,0,0,0,0,0,4.90306284273856,0,4.61917684076678,5.2697813766488,4.52260070783044,0,0,0,0,0,0,4.19133921256393,4.60712247298935,5.0093828991676,4.63588568528127,0,0,0,0,0,0,4.02382839253489,4.41028784940146,4.60324183426049,4.41597441137657,0,0,0,0,0,0,0,0
0,0,0,0,0,0,0,0,0,0,0,0,0,0,0,0,0,0,0,0,0,0,0,0,0,0,0,0,0,0,0,0,0,0,0,0,0,0,0,0,0,0,0,0,0,0,0,0,0,0,0,0,0,0,0,0,0,0,0,0,0,0,0,0,0,0,0,0,0,0,0,0,0,0,0,0,0,0,0,0,0,0,0,0,0,0,0,0,0,0,0,0,0,0,0,0,0,0,0,0,0,0,0,0,0,4.15691242570002,0,0,0,0,0,0,4.14345199902163,0,4.62768326719825,0,4.25512771614317,0,0,0,0,0,4.89896090879966,0,0,4.71717935614411,4.45239984591144,0,0,0,3.94076543563122,0,0,0,0,0,4.31357196843982,0,0,0,0,0,0,0,0,3.7517408738109,0,0,0,0,0,0,0,0,0,0,0,0
0,0,0,0,0,0,0,0,0,0,0,0,0,0,0,0,0,0,0,0,0,0,0,0,0,0,0,0,0,0,0,0,0,0,0,0,4.3038869217251,0,0,0,4.87043902201141,0,0,0,0,4.41785350516848,0,0,0,0,4.6891311972345,4.25719842613934,0,0,0,0,0,0,0,0,0,0,0,0,0,0,0,0,0,0,0,0,0,0,0,0,0,0,0,0,0,0,0,0,0,0,0,0,0,0,0,0,0,0,0,0,0,0,0,0,0,0,0,0,0,0,0,0,4.6342555319257,4.4525683819881,0,5.10147211700024,0,4.26768787986574,4.58732924660681,4.83313435711515,0,0,0,0,0,5.25529904451073,4.41343388838186,0,4.76454971906447,0,0,0,3.97345114402493,0,0,5.07897852798484,4.73878055848437,4.91051234886022,0,4.54232738277397,0,0,0,0,0,0,0,0,0,0,0,0,0,0,0,0,0,0,0,0,0,0
0,0,0,0,0,0,0,0,0,0,0,0,0,0,0,0,0,0,0,0,0,0,0,0,0,0,0,0,0,0,0,0,0,0,0,0,0,0,0,0,4.04024621505771,0,0,0,0,0,0,0,0,0,0,0,0,0,0,0,0,0,0,0,0,0,0,0,0,0,0,0,0,0,0,0,0,0,0,0,0,0,0,0,0,0,0,0,0,0,0,0,0,0,0,0,0,0,0,0,0,0,0,0,0,0,0,0,0,0,0,0,0,0,0,4.79985725918961,0,4.96070379748101,4.5701458225591,0,0,0,0,0,5.25529904451073,0,4.43123506524505,4.29278753519833,4.08041000715564,0,0,0,0,0,0,4.60746574640283,5.09598136784822,4.58107313486944,0,4.66074218914622,0,0,0,0,0,0,0,0,0,0,0,0,0,0,0,0,0,0,0,0,0,0
0,0,0,0,0,0,0,0,0,0,0,0,0,0,0,0,0,0,0,0,0,0,0,0,0,0,0,0,0,0,0,0,0,0,0,0,0,0,0,0,0,0,0,0,4.15390628513887,0,0,0,0,0,0,0,0,0,4.41695654539034,0,0,0,0,0,0,0,0,0,0,0,0,0,0,0,0,0,0,0,0,0,0,0,0,0,0,0,0,0,0,0,4.32012550597364,0,0,4.16814377549596,0,0,4.29664325564288,0,0,4.74734965038211,0,4.11106078206982,0,0,0,4.60547743653016,0,4.7740714942563,0,4.47193680459473,0,4.92944447169718,0,0,0,0,4.46573965920386,4.77976238603217,5.45864540190748,0,4.43296929087441,0,0,4.89896090879966,4.41343388838186,4.43123506524505,0,4.50111405932613,4.36221850032605,5.02331420327506,4.99891725816635,0,4.7522713028434,0,4.12975432280277,4.694982301079,5.02571129062586,4.2255160393979,4.63319567339455,4.63782982701209,4.8566261938718,4.20038532423239,0,0,4.76914091100122,4.26878851622358,4.13219562957342,4.44385729020232,4.68087917442681,4.62996994629217,0,4.30642502755069,0,0,4.67524660109236,4.32380879552702,4.21508211501317,0,0,0,0,0
0,0,0,0,0,0,0,0,0,0,0,0,0,0,0,0,0,0,0,0,0,0,0,0,0,0,0,0,0,0,0,0,0,0,0,0,0,0,0,0,0,0,0,0,0,0,0,0,0,0,0,0,0,0,0,0,0,0,0,0,0,0,0,0,0,0,0,0,0,0,0,0,0,0,0,0,0,0,0,0,0,0,0,0,0,0,0,0,0,0,0,0,0,0,0,0,0,0,0,0,0,3.89867034296553,0,0,0,3.75898754686762,0,0,0,0,0,0,4.34857742874262,4.75785134368558,4.1364986081567,0,0,0,0,0,0,4.29278753519833,4.50111405932613,0,0,0,4.50321850793003,0,0,0,0,0,4.83143462225681,0,4.47966167105723,0,0,0,0,0,0,0,0,0,0,0,0,0,0,0,0,0,0,0,0,0,0,0
0,0,0,0,0,4.07736790528416,0,0,0,4.16746502884309,0,0,0,4.65128770796321,0,0,0,0,0,0,0,0,0,0,0,0,0,0,0,0,0,0,0,0,0,0,4.51462743241134,0,0,0,4.81977418217682,0,0,0,4.33599917760813,4.66174644821243,4.3014640731433,0,0,0,5.37328724790586,4.77848408191731,4.50428051960728,0,5.28489974415072,0,4.41412062604382,0,0,0,0,0,4.73516758445072,0,0,0,0,0,0,0,0,0,0,0,0,0,0,0,0,0,0,0,0,0,0,0,0,0,0,0,0,0,0,0,4.80132137150504,0,0,0,0,0,0,0,5.01283722470517,0,0,0,0,0,4.19890439945673,4.42794029026414,0,4.20943458219091,0,0,0,5.31971177433704,0,0,0,0,4.76454971906447,4.08041000715564,4.36221850032605,0,0,0,0,0,4.36310406607464,0,0,5.37916768218209,4.42114306707167,4.76976860567118,0,4.30663944102426,0,0,0,0,0,0,4.76922958173659,4.18788717840955,4.61483396465813,0,0,0,0,0,0,0,0,0,0,0,0,0
0,0,0,0,0,0,0,0,0,0,0,0,0,0,0,0,0,0,0,0,0,0,0,0,0,0,0,0,0,0,0,0,0,0,0,0,0,0,0,0,0,0,0,0,0,0,0,0,0,0,0,0,0,0,0,0,0,0,0,0,0,0,0,0,0,0,0,0,0,0,0,0,0,0,0,0,0,0,0,0,0,0,3.88258145355445,0,0,0,3.81597600097199,0,4.00371896382311,4.37099393351474,0,0,0,0,0,4.42569721336259,0,4.52047043165384,0,0,0,3.87523494645017,0,3.86616914763377,4.33310454039859,4.03638932866569,4.59710256202382,4.97998972861086,0,0,3.84204728850964,0,0,3.87581338883976,4.81964920629306,0,4.98394185898389,4.50094964725455,4.90306284273856,4.71717935614411,0,0,5.02331420327506,0,0,0,4.26226119270864,4.74533247982787,4.94577868473936,0,4.50041487775627,0,0,0,4.05265547303953,0,5.05819059126674,4.85795333484898,4.87681227842504,4.58993843679964,4.56990036268471,0,0,4.05392315054857,0,3.94131262536066,3.87482957787972,4.61432762175085,4.62069808687866,4.62228657207032,4.24484590903244,0,4.17481545648218,3.95525468282018,4.09036387947172,0,4.17565674728166,3.97515597840669
0,0,0,0,0,0,0,0,0,0,0,0,0,0,0,0,0,0,0,0,0,0,0,0,0,0,0,0,0,0,0,0,0,0,0,0,0,0,0,0,0,0,0,0,0,0,0,0,0,0,0,0,0,0,0,0,0,0,0,0,0,0,0,0,0,0,0,0,0,0,0,0,0,0,0,0,0,0,0,0,0,0,0,0,0,0,0,0,0,0,0,0,0,0,0,0,0,0,0,0,0,3.78468859950142,0,3.89047690896017,0,0,0,0,0,0,0,0,4.36268977072616,4.25796640950818,4.32110109919782,0,0,0,0,4.45239984591144,0,0,4.99891725816635,4.50321850793003,0,4.26226119270864,0,0,0,0,0,0,0,0,4.6073155976695,0,4.58565245357753,0,0,0,4.38273726576133,0,0,0,0,0,0,0,0,0,0,0,0,0,0,0,0,0
0,0,0,0,0,0,0,0,0,0,0,0,0,0,0,0,0,0,0,0,0,0,0,0,0,0,0,0,0,0,0,0,0,0,0,0,0,0,0,0,0,0,0,0,0,0,0,0,0,0,0,0,0,0,0,0,0,0,0,0,0,0,0,0,0,0,0,0,0,0,0,0,0,0,0,0,0,0,0,0,0,0,0,0,0,0,0,0,0,0,0,0,0,0,0,0,0,0,0,0,0,0,0,0,3.91561086266147,0,3.79035554641439,0,0,0,0,0,0,0,0,0,4.53561054590879,4.69932597988114,4.61917684076678,0,0,0,0,0,0,4.74533247982787,0,0,0,3.85327222402068,4.08012119950948,0,0,0,0,0,4.48715252164686,4.81271955125267,4.52163488349066,0,3.98636859357027,0,0,0,0,0,3.62757066418054,4.02787940920721,0,0,0,0,0,0,0,0,0,0
0,0,0,0,0,0,0,0,0,0,0,0,0,0,0,0,0,0,0,0,0,0,0,0,0,0,0,0,0,0,4.11038766587509,0,0,0,0,0,0,0,0,0,0,0,0,0,0,0,4.57133608681689,0,0,0,0,0,0,0,4.72801270666123,0,0,0,4.22162285774879,0,4.2610010233352,0,0,0,0,0,0,0,0,0,0,0,0,0,0,0,0,0,0,0,0,0,4.2255160393979,0,0,0,4.26223744974158,0,4.35051936759754,4.68050774638014,0,0,0,0,0,4.73713696035555,3.96364618648484,4.77224100261503,4.35374317075394,0,0,0,0,0,4.44600873368401,0,4.37970426902445,5.10594596366016,0,0,4.75363667218622,0,0,0,4.94259829224594,0,4.28918746822073,4.00919585351952,5.2697813766488,0,3.97345114402493,0,4.7522713028434,0,4.36310406607464,4.94577868473936,0,0,0,4.37641269699122,0,4.29797924415936,0,0,0,0,0,4.27659965355764,5.0767823943569,5.05162323550056,0,0,0,4.50490561894132,3.9698816437465,0,3.97136863679142,4.70280951701782,4.72802895442052,4.79223755765709,4.33467486334015,4.2055291510618,4.48009321805896,4.01443652783167,4.21737864793944,0,4.22352189921122,4.19217702611275
0,0,0,0,0,0,0,0,0,0,0,0,0,0,0,0,0,0,0,0,0,0,0,0,0,0,0,0,0,0,0,0,0,0,0,0,0,0,0,0,0,0,0,0,0,0,0,0,0,0,0,0,0,0,0,0,0,0,0,0,0,0,0,0,0,0,0,0,0,0,0,0,0,0,0,0,0,0,0,0,0,0,0,0,0,0,0,0,0,0,0,0,0,0,0,0,0,0,0,0,0,0,0,0,0,0,0,0,0,0,3.82639878218762,0,0,0,0,0,0,0,4.52260070783044,0,0,0,0,0,0,0,0,3.85327222402068,4.37641269699122,0,0,0,0,0,0,0,0,3.83607080891514,5.06386229792599,4.59850598898819,0,0,0,0,0,0,0,0,4.81838427001463,0,0,0,0,0,4.15827200465208,0,0,0
0,0,0,0,0,0,0,0,0,0,0,0,0,0,0,0,0,0,0,0,0,0,0,0,0,0,0,0,0,0,0,0,0,0,0,0,0,0,0,0,0,0,0,0,0,0,0,0,0,0,0,0,0,0,0,0,0,0,0,0,0,0,0,0,0,0,0,0,0,0,0,0,0,0,0,0,0,0,0,0,0,0,0,0,0,0,0,0,0,0,0,0,0,0,0,0,0,0,0,0,0,0,0,0,0,0,0,0,0,0,0,0,0,0,0,0,0,0,0,3.94076543563122,0,0,4.12975432280277,0,0,4.50041487775627,0,4.08012119950948,0,0,0,0,0,0,3.68877565527285,0,4.47996379897825,4.12283819408927,0,0,4.04300840987995,0,0,0,0,0,0,0,0,0,0,0,0,0,0,0,0,0
0,0,0,0,0,0,0,0,0,0,0,0,0,4.06710806905957,0,0,0,0,0,0,0,0,0,0,0,0,0,0,0,0,0,0,0,0,0,0,4.13792351204042,0,0,0,4.87059701217761,0,0,0,4.21418130866382,4.52494108253626,0,0,0,0,5.17971835366483,4.71050661647095,4.39024604510922,0,5.0767823943569,0,4.29232253991492,0,0,0,0,0,4.68819727806656,0,0,0,0,0,0,0,0,4.18184358794477,0,0,0,0,0,0,0,0,0,0,0,0,0,0,0,0,0,0,0,0,0,0,4.30089968777225,0,0,0,0,0,0,0,4.58213157134813,0,0,0,0,0,0,0,0,4.31485695777957,0,0,4.4610030224541,5.10241998367998,0,0,0,0,5.07897852798484,4.60746574640283,4.694982301079,0,5.37916768218209,0,0,0,4.29797924415936,0,0,0,4.86280496761735,5.1046304867646,0,4.69653985468631,0,0,0,4.14242075421956,0,0,5.05214736414292,4.6638139591339,5.08219634051154,4.46881977482307,0,0,0,0,0,4.28012289630231,0,0,0,0,0,0
0,0,0,0,0,0,0,0,0,0,0,0,0,0,0,0,0,0,0,0,0,0,0,0,0,0,0,0,0,0,0,0,0,0,0,0,0,0,0,0,0,0,0,0,0,0,0,0,0,0,4.30550184146403,0,0,0,0,0,0,0,0,0,0,0,4.09985321988438,0,0,0,0,0,0,0,0,0,0,0,0,0,0,0,0,0,0,0,0,0,0,0,0,0,0,0,0,0,0,0,0,4.25379822986825,0,0,0,0,4.08203098126701,4.4257298045961,0,4.30308801052805,0,0,0,4.29747599332421,0,0,0,0,4.46173856795641,5.07530602536371,4.88101926201218,0,0,0,0,0,4.73878055848437,5.09598136784822,5.02571129062586,4.83143462225681,4.42114306707167,0,0,0,0,0,0,4.86280496761735,0,4.85419061953931,4.65685492126978,5.37780329200953,4.08678679562662,0,0,0,4.57262767852245,4.91960624991972,0,0,4.89882387366625,4.97792013621122,0,0,0,0,4.17043774504618,0,0,0,0,0,0,0
0,0,0,0,0,0,0,0,0,0,0,0,0,0,0,0,0,0,0,0,0,0,0,0,0,0,0,0,0,0,0,0,0,0,0,0,0,0,0,0,4.3611799018136,0,0,0,0,4.14345199902163,0,0,0,0,4.71174819471113,4.6131226860577,3.97881938673284,0,0,0,4.04551856288449,0,0,0,0,0,4.25767857486918,0,0,0,0,0,0,0,0,0,0,0,0,0,0,0,0,0,0,0,0,0,0,0,0,0,0,0,0,0,0,0,0,0,0,0,0,0,0,0,0,0,0,0,0,0,0,0,0,0,0,0,0,0,0,0,0,0,4.91051234886022,4.58107313486944,4.2255160393979,0,4.76976860567118,0,0,0,0,0,0,5.1046304867646,4.85419061953931,0,0,4.8842741243903,0,0,0,0,0,0,0,0,4.5002227484873,0,0,0,0,0,0,0,0,0,0,0,0,0
0,0,0,0,0,0,0,0,0,0,0,0,0,0,0,0,0,0,0,0,0,0,0,0,0,0,0,0,0,0,0,0,0,0,0,0,0,0,0,0,0,0,0,0,0,0,0,0,0,0,0,0,0,0,0,0,0,0,0,0,0,0,0,0,0,0,0,0,0,0,0,0,0,0,0,0,0,0,0,0,0,0,0,0,0,0,0,0,0,0,0,0,0,0,0,0,0,0,0,0,0,3.97529391535621,0,0,0,0,0,0,0,0,0,0,0,4.09050494142404,0,0,0,0,0,0,0,0,4.63319567339455,4.47966167105723,0,4.05265547303953,4.6073155976695,0,0,0,3.68877565527285,0,4.65685492126978,0,0,0,4.48141396125374,0,0,0,4.76732658078292,4.45292056439907,0,0,0,0,0,0,0,0,0,0,0,0,0,0,0,0
0,0,0,0,0,0,0,0,0,0,0,0,0,0,0,0,0,0,0,0,0,0,0,0,0,0,0,0,0,0,0,0,0,0,0,0,0,0,0,0,0,0,0,0,0,0,0,0,0,0,4.20090519168499,0,0,0,0,0,0,0,0,0,0,0,0,0,0,0,0,0,0,0,0,0,0,0,0,0,0,0,0,0,0,0,0,0,0,0,0,0,0,0,0,0,0,0,0,0,0,0,0,0,0,0,0,0,0,0,0,0,0,0,0,0,0,4.32039557023647,4.46434048462767,0,0,0,0,0,4.54232738277397,4.66074218914622,4.63782982701209,0,4.30663944102426,0,0,0,0,0,0,4.69653985468631,5.37780329200953,4.8842741243903,0,0,0,0,0,0,0,4.21521442908723,0,0,4.71543504842287,4.64914006414422,0,0,0,0,0,0,0,0,0,0,0,0
0,0,0,0,0,0,0,0,0,0,0,0,0,0,0,0,0,0,0,0,0,0,0,0,0,0,0,0,0,0,0,0,0,0,0,0,0,0,0,0,0,0,0,0,0,0,0,0,0,0,0,0,0,0,0,0,0,0,0,0,0,0,0,0,0,0,0,0,0,0,0,0,0,0,0,0,0,0,0,0,0,0,0,0,0,0,0,0,0,0,0,0,0,0,0,0,0,0,0,0,0,4.09489019700665,0,3.90875301918453,0,0,0,3.98672695933122,0,0,0,0,0,4.15769847927552,4.29695023953664,0,4.20485223692822,4.08628862902168,4.19133921256393,4.31357196843982,0,0,4.8566261938718,0,0,5.05819059126674,4.58565245357753,4.48715252164686,0,0,4.47996379897825,0,4.08678679562662,0,4.48141396125374,0,0,4.96468381497604,4.22497309042883,0,5.15014216184856,4.24985847241737,0,0,0,0,4.40003692351411,4.86471868589543,0,0,4.31369852956031,0,0,0,0,0,0,0
0,0,0,0,0,0,0,0,0,0,0,0,0,0,0,0,0,0,0,0,0,0,0,0,0,0,0,0,0,0,0,0,0,0,0,0,0,0,0,0,0,0,0,0,0,0,0,0,0,0,0,0,0,0,0,0,0,0,0,0,0,0,0,0,0,0,0,0,0,0,0,0,0,0,0,0,0,0,0,0,0,0,0,0,0,0,0,0,0,0,0,0,0,0,0,0,0,0,0,0,0,0,0,0,4.06554237051914,0,3.962984584317,4.18777445516398,0,0,3.77349389227097,0,0,3.90714253100314,0,0,4.24890465056168,4.3693828616352,4.60712247298935,0,0,0,4.20038532423239,0,0,4.85795333484898,0,4.81271955125267,4.27659965355764,3.83607080891514,4.12283819408927,0,0,0,0,0,4.96468381497604,0,4.89555513479999,0,4.60776588822628,3.82007003431233,0,0,0,0,4.68145833034782,4.64615856986211,4.44614867569618,4.09537859956006,4.07838430874819,0,0,3.80044212133626,3.8513806679656,0,3.94924359056827,0
0,0,0,0,0,0,0,0,0,0,0,0,0,0,0,0,0,0,0,0,0,0,0,0,0,0,0,0,0,0,0,0,0,0,0,0,0,0,0,0,0,0,0,0,0,0,0,0,0,0,0,0,0,4.01510816064584,0,0,0,0,0,0,4.16151773313868,0,0,0,0,0,0,0,0,0,4.09032860682342,0,0,0,0,0,0,0,0,0,0,0,0,0,0,0,0,0,0,4.39637372753651,0,0,0,0,0,4.37199091146492,0,4.47463869413439,0,0,0,0,0,0,4.33344727449675,0,4.20975622225886,4.7588135218806,0,0,4.18269990333604,0,0,0,4.12665082066748,0,4.29539114757198,4.35913321634632,5.0093828991676,0,0,0,0,0,0,4.87681227842504,0,4.52163488349066,5.0767823943569,5.06386229792599,0,0,0,0,0,0,4.22497309042883,4.89555513479999,0,4.93945435319193,0,0,0,0,0,0,4.72361162881506,4.63470896642091,5.33689980935953,4.73415951324447,0,0,4.08339510788965,4.14404463711095,4.65197542700146,0,4.33094110057643,0
0,0,0,0,0,0,0,0,0,0,0,0,0,0,0,0,0,0,0,0,0,0,0,0,0,0,0,0,0,0,0,0,0,0,0,0,0,0,0,0,0,0,0,0,0,0,4.68941542138201,0,0,0,0,0,0,0,5.19305220990827,0,0,0,5.20395437631398,0,4.32917406341751,0,0,0,0,4.9672062092651,0,0,4.89424404359768,0,3.98909369261033,4.46983673757549,4.56185239744695,0,4.66982806133252,4.42288517783084,0,4.36076376595415,0,0,0,0,0,0,0,0,0,0,0,4.27618597407067,0,0,0,0,0,4.31470969295517,0,4.30535136944662,0,0,0,0,0,0,0,0,0,4.5971464878337,0,0,0,0,0,0,4.2487577226273,0,0,0,4.63588568528127,0,0,0,0,0,0,4.58993843679964,0,0,5.05162323550056,4.59850598898819,0,4.14242075421956,0,0,0,0,0,0,4.93945435319193,0,0,0,4.14940387950858,5.26838839466587,0,4.06818586174616,0,4.17231096852195,4.77378644498119,5.16670238766093,4.47927291177686,4.79159943058384,4.76586219351395,0,4.35537488443161,4.34764220473243,4.28591719672831,4.48283072348583
0,0,0,0,0,0,0,0,0,0,0,0,0,0,0,0,0,0,0,0,0,0,0,0,0,0,0,0,0,0,0,0,0,0,0,0,0,0,0,0,0,0,0,0,0,0,0,0,0,0,0,0,0,0,0,0,0,0,0,0,0,0,0,0,0,0,0,0,0,0,0,0,0,0,0,0,0,0,0,0,0,0,0,0,0,0,0,0,0,0,0,0,0,0,0,0,0,0,0,0,0,4.24760506415077,0,3.92458938566942,0,0,0,0,0,0,0,0,3.9395691686559,4.46979257128634,4.39630398376216,0,0,0,0,0,0,0,4.76914091100122,0,0,4.56990036268471,4.38273726576133,3.98636859357027,0,0,4.04300840987995,0,4.57262767852245,0,4.76732658078292,0,5.15014216184856,4.60776588822628,0,0,0,4.9056663819626,0,0,0,4.15506261922392,3.97995789334067,4.76800135998682,0,0,4.74958946520762,0,0,0,0,0,0,0
0,0,0,0,0,0,0,0,0,0,0,0,0,0,0,0,0,0,0,0,0,0,0,0,0,0,0,0,0,0,0,0,0,0,0,0,0,0,0,0,0,0,0,0,0,0,0,0,0,0,0,0,0,0,0,0,0,0,0,0,0,0,0,0,0,0,0,0,0,0,0,0,0,0,0,0,0,0,0,0,0,0,0,0,0,0,0,0,0,0,0,0,0,0,0,0,0,0,0,0,0,4.04653418275097,0,0,0,0,0,0,0,0,0,0,3.97363577341741,4.43472854177976,0,0,0,0,0,0,0,0,4.26878851622358,0,0,0,0,0,0,0,0,0,4.91960624991972,0,4.45292056439907,4.21521442908723,4.24985847241737,3.82007003431233,0,0,4.9056663819626,0,0,0,0,4.72251052589087,0,3.76454971906447,0,0,4.59428202881181,0,0,0,0,0,0,0
0,0,0,0,0,0,0,0,0,0,0,0,0,0,0,0,0,0,0,0,0,0,0,0,0,0,0,0,0,0,0,0,0,0,0,0,0,0,0,0,0,0,0,0,0,0,0,0,0,0,4.91117892328352,0,4.33215557139555,0,5.10495802445208,0,0,0,3.93711651076705,0,0,0,4.74152189177379,4.47930172069772,0,4.66134881197433,0,0,0,0,0,4.82831180600531,0,0,0,0,0,0,0,0,0,0,0,0,0,0,0,0,0,0,0,0,0,0,3.99633651809578,0,0,0,0,0,0,0,4.19920647916166,0,0,0,0,0,0,0,0,0,0,0,0,4.25698218590157,0,0,0,0,0,0,4.13219562957342,0,4.76922958173659,0,0,0,0,0,0,5.05214736414292,0,0,0,0,0,0,0,4.14940387950858,0,0,0,4.77594523169675,4.78844413837085,4.4749297859928,0,0,0,0,0,4.57400810473767,0,0,0,0,0,0
0,0,0,0,0,0,0,0,0,0,0,0,0,0,0,0,0,0,0,0,0,0,0,0,0,0,0,0,0,0,0,0,0,0,0,0,0,0,0,0,0,0,0,0,0,0,4.38950275363846,0,0,0,0,0,0,0,5.1817550056947,0,0,0,5.04113598074878,0,0,0,0,0,0,5.01653612166954,0,0,4.78572834868798,0,0,4.57754924239824,4.56474889181302,0,4.64596234508439,4.39894640490131,0,4.31217735643978,0,0,0,0,0,0,0,0,0,0,0,0,0,0,0,0,0,0,0,0,0,0,0,0,0,0,0,0,0,4.1133750570949,0,0,0,0,0,0,4.40372090862669,0,0,0,0,0,0,0,4.44385729020232,0,4.18788717840955,4.05392315054857,0,0,4.50490561894132,0,0,4.6638139591339,0,0,0,0,0,0,0,5.26838839466587,0,0,4.77594523169675,0,4.47749748026312,4.67601649696509,0,4.1414811292708,0,4.96759009325349,4.90945439672021,5.1927987552866,4.90003376850324,0,0,4.46071747541877,0,4.31939757405183
0,0,0,0,0,0,0,0,0,0,0,0,0,0,0,0,0,0,0,0,0,0,0,0,0,0,0,0,0,0,0,0,0,0,0,0,0,0,0,0,0,0,0,0,0,0,0,0,0,0,4.50085371146126,3.82801506422398,4.08724886779566,0,4.5582404319935,0,0,0,0,0,0,0,4.49674980739456,0,0,0,0,0,0,0,0,4.06220580881971,0,0,0,0,0,0,0,0,0,0,0,0,0,0,0,0,0,0,0,0,0,0,0,3.93646347400475,0,0,0,0,0,0,0,0,0,0,0,4.06005536482485,0,0,0,0,0,0,4.46089784275655,0,0,0,0,0,0,0,4.68087917442681,0,4.61483396465813,0,0,0,3.9698816437465,0,0,5.08219634051154,4.89882387366625,4.5002227484873,0,4.71543504842287,0,0,0,0,0,0,4.78844413837085,4.47749748026312,0,4.96252086237814,0,0,0,0,4.18873167144574,4.54451451767044,0,0,0,0,0,0
0,0,0,0,0,0,0,0,0,0,0,0,0,0,0,0,0,0,0,0,0,0,0,0,0,0,0,0,0,0,0,0,0,0,0,0,0,0,0,0,0,0,0,0,0,0,0,0,0,0,0,0,0,0,4.2559957267224,0,0,0,0,0,0,0,0,0,0,0,0,0,0,0,0,3.91776800244776,0,0,0,0,0,0,0,0,0,0,0,0,0,0,0,0,0,0,0,0,0,0,0,3.86581438016797,0,0,0,0,0,0,0,0,0,0,0,4.0301542709221,0,0,0,0,0,3.89828627858912,4.46748971275747,0,0,0,0,3.7517408738109,0,0,4.62996994629217,0,0,3.94131262536066,0,0,0,0,0,4.46881977482307,4.97792013621122,0,0,4.64914006414422,0,0,0,4.06818586174616,4.15506261922392,4.72251052589087,4.4749297859928,4.67601649696509,4.96252086237814,0,0,0,0,0,4.88851084709758,4.71795328471907,0,0,0,0,0,0
0,0,0,0,0,0,0,0,0,0,0,0,0,0,0,0,0,0,0,0,0,0,0,0,0,0,0,0,0,0,0,0,0,0,0,0,0,0,0,0,0,0,0,0,0,0,0,0,0,0,0,0,0,0,0,0,0,0,0,0,0,0,0,0,0,0,0,0,0,0,0,0,0,0,0,0,0,0,0,0,0,0,0,0,0,0,0,0,0,0,0,0,0,0,0,0,0,0,0,0,0,0,0,0,0,0,0,0,0,0,0,0,0,0,0,0,0,0,4.02382839253489,0,0,0,0,0,0,3.87482957787972,0,3.62757066418054,3.97136863679142,0,0,0,0,0,0,0,4.40003692351411,4.68145833034782,4.72361162881506,0,3.97995789334067,0,0,0,0,0,0,4.81281980621788,4.68225341075644,0,4.04649516433471,0,4.20779588520471,4.50222221576648,0,0,3.8925954228289,0
0,0,0,0,0,0,0,0,0,0,0,0,0,0,0,0,0,0,0,0,0,0,0,0,0,0,0,0,0,0,0,0,0,0,0,0,0,0,0,0,0,0,0,0,0,0,0,0,0,0,0,0,0,0,0,0,0,0,0,0,0,0,0,0,0,0,0,0,0,0,0,0,0,0,0,0,0,0,0,0,0,0,0,0,0,0,0,0,0,3.97913846954681,0,0,0,0,0,4.18870354811843,0,4.05449814663668,0,0,0,0,0,0,3.88935773688893,0,4.04229980741363,4.51821114425249,0,0,0,0,0,0,4.55620598015751,0,4.13251583491264,4.00919585351952,4.41028784940146,0,0,0,4.30642502755069,0,0,4.61432762175085,0,4.02787940920721,4.70280951701782,0,0,0,0,0,0,0,4.86471868589543,4.64615856986211,4.63470896642091,4.17231096852195,4.76800135998682,3.76454971906447,0,4.1414811292708,0,0,4.81281980621788,0,4.55481612060625,4.55815635368657,4.82594514320385,4.33067751699894,4.98193180787035,4.59068582619073,0,3.78218586649202,4.15803061259034,4.25724646490737
0,0,0,0,0,0,0,0,0,0,0,0,0,0,0,0,0,0,0,0,0,0,0,0,0,0,0,0,0,0,0,0,0,0,0,0,0,0,0,0,0,0,0,0,0,0,0,0,0,0,0,0,0,4.09614498129434,0,0,0,0,0,0,4.15736609176227,0,0,0,0,0,0,0,0,0,4.28350475654383,0,0,0,0,0,0,0,0,0,0,0,0,0,0,0,0,0,0,4.13665716187388,0,0,0,0,0,4.1601382577234,0,4.23899899861543,0,0,0,0,0,0,4.02333478253831,0,4.02787940920721,4.51869814695026,0,0,0,0,0,0,0,0,4.10469191890021,0,4.60324183426049,0,0,0,0,0,0,4.62069808687866,0,0,4.72802895442052,4.81838427001463,0,0,0,0,0,0,0,4.44614867569618,5.33689980935953,4.77378644498119,0,0,0,0,0,0,4.68225341075644,4.55481612060625,0,4.85022337325986,0,0,4.24174565257064,4.65673048844586,4.91124818832639,0,4.75061637650155,4.07714979471697
0,0,0,0,0,0,0,0,0,0,0,0,0,0,0,0,0,0,0,0,0,0,0,0,0,0,0,0,0,0,0,0,0,0,0,0,0,0,0,0,0,0,0,0,0,0,4.28994551617667,0,0,0,0,0,0,0,4.55435588322946,0,0,0,4.75495195237889,0,0,0,0,0,0,4.53915140344549,0,0,4.72604222753943,0,0,0,3.99109310804889,0,4.36854719756766,4.05034108183408,0,4.1843790806586,0,0,0,0,0,0,0,0,0,0,3.91539983521227,4.22341805690529,0,0,0,0,0,4.31380396899415,0,4.27774670002736,0,0,0,0,0,0,0,0,3.97547776316587,4.59790350956793,0,0,0,0,0,0,4.35470374462581,0,3.99166900737995,0,4.41597441137657,0,0,0,0,0,0,4.62228657207032,0,0,4.79223755765709,0,0,0,0,0,0,0,0,4.09537859956006,4.73415951324447,5.16670238766093,0,0,0,4.96759009325349,0,0,0,4.55815635368657,4.85022337325986,0,0,4.55526377831413,4.88677264305444,4.20523143882,4.59302009101016,4.73278766316445,4.54164163809681,4.79967820275801
0,0,0,0,0,0,0,0,0,0,0,0,0,0,0,0,0,0,0,0,0,0,0,0,0,0,0,0,0,0,0,0,0,0,0,0,0,0,0,0,0,0,0,0,0,0,0,0,0,0,0,0,0,0,4.38030171030518,0,0,0,4.36558157275505,0,0,0,0,0,0,4.36265208790775,0,0,3.9024924211586,0,0,4.02040272098388,4.18695633546541,0,3.9887372752888,3.88223984801882,0,0,0,0,0,0,0,0,0,0,0,0,0,0,0,0,0,0,0,3.97529391535621,0,0,0,0,0,0,0,0,0,0,0,4.25183281862864,0,0,0,0,0,0,4.58003495750888,0,3.90832413927618,0,0,0,0,0,4.67524660109236,0,0,4.24484590903244,0,0,4.33467486334015,0,0,0,4.17043774504618,0,0,0,4.31369852956031,4.07838430874819,0,4.47927291177686,4.74958946520762,4.59428202881181,0,4.90945439672021,4.18873167144574,4.88851084709758,4.04649516433471,4.82594514320385,0,0,0,4.97686788840549,4.84225342168435,0,0,0,0,0
0,0,0,0,0,0,0,0,0,0,0,0,0,0,0,0,0,0,0,0,0,0,0,0,0,0,0,0,0,0,0,0,0,0,0,0,0,0,0,0,0,0,0,0,0,0,0,0,0,0,0,0,0,0,4.6728456786801,0,0,0,4.59446989873833,0,0,0,0,0,0,4.59815555719196,0,0,4.26347036606118,0,0,4.53069904184495,4.23907413823589,0,4.18954645673893,4.16890977912236,0,0,0,0,0,0,0,0,0,0,0,0,0,0,0,0,0,0,0,0,0,0,0,0,0,0,0,0,0,0,0,3.96279536985723,0,0,0,0,0,0,4.24767872957066,0,0,0,0,0,0,0,4.32380879552702,0,0,0,0,0,4.2055291510618,0,0,4.28012289630231,0,0,0,0,0,0,0,4.79159943058384,0,0,4.57400810473767,5.1927987552866,4.54451451767044,4.71795328471907,0,4.33067751699894,0,4.55526377831413,4.97686788840549,0,4.88624248596486,0,0,4.59883426218927,0,0
0,0,0,0,0,0,0,0,0,0,0,0,0,0,0,0,0,0,0,0,0,0,0,0,0,0,0,0,0,0,0,0,0,0,0,0,0,0,0,0,0,0,0,0,0,0,0,0,0,0,0,0,0,0,4.58375404363978,0,0,0,4.66721939844394,0,0,0,0,0,0,4.53927688219067,0,0,4.50665383056555,0,0,3.91571633794599,4.22605831042711,0,4.40449161775869,4.12496045078954,0,4.09836679643933,0,0,0,0,0,0,0,0,0,0,0,0,0,0,0,0,0,3.93222001387712,0,0,0,0,0,0,0,0,0,0,0,4.25273170272602,0,0,0,0,0,0,4.38676641571731,0,3.74919504221967,0,0,0,0,0,4.21508211501317,0,0,4.17481545648218,0,0,4.48009321805896,0,0,0,0,0,0,0,0,0,4.08339510788965,4.76586219351395,0,0,0,4.90003376850324,0,0,4.20779588520471,4.98193180787035,4.24174565257064,4.88677264305444,4.84225342168435,4.88624248596486,0,4.6217680981036,0,4.58667730456471,4.02734960777476,4.71784518403851
0,0,0,0,0,0,0,0,0,0,0,0,0,0,0,0,0,0,0,0,0,0,0,0,0,0,0,0,0,0,0,0,0,0,0,0,0,0,0,0,0,0,0,0,0,0,0,0,0,0,0,0,0,0,0,0,0,0,0,0,0,0,0,0,0,0,0,0,0,0,0,0,0,0,0,0,0,0,0,0,0,0,0,0,0,0,0,0,0,0,0,0,0,0,0,0,0,0,0,0,0,0,0,0,0,0,0,0,0,0,0,0,0,0,0,0,0,0,0,0,0,0,0,0,0,3.95525468282018,0,0,4.01443652783167,0,0,0,0,0,0,0,0,3.80044212133626,4.14404463711095,0,0,0,0,0,0,0,4.50222221576648,4.59068582619073,4.65673048844586,4.20523143882,0,0,4.6217680981036,0,0,0,4.56098205558624,4.37410650880401
0,0,0,0,0,0,0,0,0,0,0,0,0,0,0,0,0,0,0,0,0,0,0,0,0,0,0,0,0,0,4.18641948915548,0,0,0,4.12616388880584,0,0,0,3.76492298464989,4.0200296335427,0,0,0,0,0,0,4.28898658679163,0,0,0,0,0,0,4.51469382103857,0,0,0,0,4.1545152657924,3.97298922685535,4.57581111826989,0,0,0,0,0,4.37219371927573,3.96773513178388,4.75648396444261,0,4.95418942575858,0,0,0,0,0,4.56617813447945,4.35675226214756,0,0,0,0,0,0,0,0,0,0,0,0,0,0,0,0,0,0,0,0,0,0,0,0,0,0,0,0,0,4.0757293997409,0,0,0,0,0,0,0,0,0,0,0,0,0,0,0,0,0,4.09036387947172,0,0,4.21737864793944,4.15827200465208,0,0,0,0,0,0,0,3.8513806679656,4.65197542700146,4.35537488443161,0,0,0,0,0,0,0,0,4.91124818832639,4.59302009101016,0,0,0,0,0,3.92947001617749,4.66170859377629,4.17501867593663
0,0,0,0,0,0,0,0,0,0,0,0,0,0,0,0,0,0,0,0,0,0,0,0,0,0,0,0,0,0,0,0,0,0,0,0,0,0,0,0,0,0,0,0,0,0,0,0,0,0,0,0,0,0,4.08653778375321,0,0,0,4.28321074126038,0,0,0,0,0,0,4.35175766687903,0,0,4.52969977976432,0,0,3.88315019968328,0,0,4.12306724373657,4.45768513341264,0,4.16274358323542,0,0,0,0,0,0,0,0,0,0,0,0,0,0,0,0,0,0,0,0,0,0,0,0,0,0,0,0,0,0,0,0,0,0,0,0,0,0,0,0,0,0,0,0,0,0,0,0,0,0,0,0,0,0,0,0,0,0,0,0,0,4.34764220473243,0,0,0,4.46071747541877,0,0,0,3.78218586649202,0,4.73278766316445,0,4.59883426218927,4.58667730456471,0,3.92947001617749,0,0,4.42198212476526
0,0,0,0,0,0,0,0,0,0,0,0,0,0,0,0,0,0,0,0,0,0,0,0,0,0,0,0,0,0,0,0,0,0,0,0,0,0,0,0,0,0,0,0,0,0,0,0,0,0,0,0,0,0,0,0,0,0,0,0,0,0,0,0,0,0,0,0,0,0,0,0,0,0,0,0,0,0,0,0,0,0,0,0,0,0,0,0,0,0,0,0,0,0,0,0,0,0,0,0,0,0,0,0,0,0,0,4.07401144600894,0,0,0,0,0,0,0,0,0,0,0,0,0,0,0,0,0,4.17565674728166,0,0,4.22352189921122,0,0,0,0,0,0,0,0,3.94924359056827,4.33094110057643,4.28591719672831,0,0,0,0,0,0,3.8925954228289,4.15803061259034,4.75061637650155,4.54164163809681,0,0,4.02734960777476,4.56098205558624,4.66170859377629,0,0,4.52138655463498
0,0,0,0,0,0,0,0,0,0,0,0,0,0,0,0,0,0,0,0,0,0,0,0,0,0,0,0,0,0,0,0,0,0,0,0,0,0,0,0,0,0,0,0,0,0,0,0,0,0,0,0,0,0,4.1611283253625,0,0,0,4.2951711067901,0,0,0,0,0,0,4.06419583586464,0,0,4.23093403828436,0,0,0,0,0,4.00466523324788,0,0,3.99228835379709,0,0,0,0,0,0,0,0,0,0,0,0,0,0,0,0,0,0,0,0,0,0,0,0,0,0,0,0,0,3.98882640704528,0,0,0,0,0,0,0,0,0,0,0,0,0,0,0,0,0,3.97515597840669,0,0,4.19217702611275,0,0,0,0,0,0,0,0,0,0,4.48283072348583,0,0,0,4.31939757405183,0,0,0,4.25724646490737,4.07714979471697,4.79967820275801,0,0,4.71784518403851,4.37410650880401,4.17501867593663,4.42198212476526,4.52138655463498,0
